C,Si,Mn,P,S,Alt,Cr,Cu,V,Nb,Mo,Ti,ModelCalculatedValue,TheoreticalSlabThickness,TheoreticalSlabWidth,TimeinFurnace(min),ActualExitTemperature,ActualRollingStartTemperature,ActualStartAfterTemperatureControl,ActualFinalRollingThickness,ActualFinalRollingTemperature,ActualTemperatureBeforeCooling,Thickness,TemperatureAfterCooling,YieldStrength,TensileStrength,Elongation,Toughness
0.17,0.34,1.44,0.012,0.004,0.015,0.01,0.02,0.002,0.004,0.002,0.005,893,250,1800,284.25,1216,1135,150.02,80.13,801.0,815,80.0,688,400,555,28.5,211.33333333333334
0.15,0.27,1.43,0.01,0.005,0.027,0.01,0.01,0.002,0.001,0.001,0.002,893,320,1800,361.35,1205,1142,150.01,80.1,796.0,814,80.0,694,375,535,29.5,212.66666666666666
0.14,0.21,1.5,0.013,0.019,0.018,0.02,0.01,0.005,0.001,0.001,0.001,809,250,2000,379.7666666666667,1223,1138,100.02,50.09,744.0,771,50.0,678,400,540,25.0,204.0
0.14,0.21,1.5,0.013,0.019,0.018,0.02,0.01,0.005,0.001,0.001,0.001,875,320,1800,380.5166666666667,1221,1140,120.02,60.07,757.0,813,60.0,686,405,540,28.5,221.33333333333334
0.15,0.24,1.46,0.012,0.002,0.035,0.02,0.01,0.002,0.001,0.004,0.002,880,250,2000,400.7333333333333,1222,1130,120.06,70.07,767.0,814,70.0,657,410,560,31.0,216.33333333333334
0.17,0.34,1.44,0.012,0.004,0.015,0.01,0.02,0.002,0.004,0.002,0.005,861,320,2050,447.45,1210,1148,80.0,40.15,796.0,810,40.0,696,395,555,28.0,134.0
0.15,0.24,1.46,0.012,0.002,0.035,0.02,0.01,0.002,0.001,0.004,0.002,856,250,1800,283.7833333333334,1235,1148,73.19,45.17,787.0,805,45.0,667,385,535,32.0,240.66666666666666
0.17,0.34,1.44,0.012,0.004,0.015,0.01,0.02,0.002,0.004,0.002,0.005,853,320,2300,340.8,1217,1157,135.02,60.25,781.0,804,60.0,675,395,530,31.0,241.0
0.14,0.21,1.5,0.013,0.019,0.018,0.02,0.01,0.005,0.001,0.001,0.001,842,250,2400,297.45,1233,1156,140.2,70.06,783.0,797,70.0,676,395,530,28.0,201.33333333333334
0.15,0.38,1.47,0.015,0.004,0.036,0.01,0.01,0.002,0.001,0.001,0.003,867,320,2300,357.0666666666667,1240,1155,140.2,70.07,767.0,813,70.0,665,400,535,29.0,227.66666666666666
0.14,0.21,1.5,0.013,0.019,0.018,0.02,0.01,0.005,0.001,0.001,0.001,863,220,1800,298.7833333333334,1239,1144,140.02,70.21,739.0,789,70.0,662,375,520,29.0,209.66666666666666
0.14,0.21,1.5,0.013,0.019,0.018,0.02,0.01,0.005,0.001,0.001,0.001,864,220,1800,300.6833333333333,1238,1140,140.01,70.09,726.0,814,70.0,677,365,530,31.0,209.33333333333334
0.15,0.24,1.46,0.012,0.002,0.035,0.02,0.01,0.002,0.001,0.004,0.002,857,220,1800,306.0,1232,1136,140.03,70.06,805.0,812,70.0,670,380,525,30.5,220.66666666666666
0.15,0.24,1.46,0.012,0.002,0.035,0.02,0.01,0.002,0.001,0.004,0.002,849,320,1800,305.0833333333333,1223,1155,145.03,70.76,750.0,806,70.0,594,395,540,32.0,225.33333333333334
0.17,0.34,1.44,0.012,0.004,0.015,0.01,0.02,0.002,0.004,0.002,0.005,792,320,1800,379.4166666666667,1226,1154,140.03,70.05,727.0,773,70.0,631,370,535,32.0,210.66666666666666
0.15,0.38,1.47,0.015,0.004,0.036,0.01,0.01,0.002,0.001,0.001,0.003,780,320,1800,426.3,1223,1147,100.03,50.19,746.0,800,50.0,634,405,545,27.5,245.0
0.15,0.38,1.47,0.015,0.004,0.036,0.01,0.01,0.002,0.001,0.001,0.003,799,220,1800,796.4166666666666,1205,1189,75.0,30.1,781.59,768,30.0,630,430,545,20.5,167.66666666666666
0.15,0.38,1.47,0.015,0.004,0.036,0.01,0.01,0.002,0.001,0.001,0.003,820,250,2000,299.95,1197,1198,50.01,20.48,800.15,761,20.0,640,375,525,32.5,175.33333333333334
0.15,0.38,1.47,0.015,0.004,0.036,0.01,0.01,0.002,0.001,0.001,0.003,830,250,2000,302.7166666666666,1219,1229,40.01,16.35,809.3,757,16.0,640,380,520,32.5,179.66666666666666
0.15,0.38,1.47,0.015,0.004,0.036,0.01,0.01,0.002,0.001,0.001,0.003,833,250,2000,231.8333333333333,1213,1199,50.0,20.07,793.92,759,20.0,640,370,515,31.0,247.66666666666666
0.15,0.38,1.47,0.015,0.004,0.036,0.01,0.01,0.002,0.001,0.001,0.003,820,250,1800,235.7666666666667,1195,1187,50.0,20.45,791.0,758,20.0,640,360,510,29.0,200.33333333333334
0.15,0.38,1.47,0.015,0.004,0.036,0.01,0.01,0.002,0.001,0.001,0.003,879,250,1800,252.9833333333333,1224,1194,150.01,80.44,804.62,780,80.0,630,380,525,27.5,173.0
0.15,0.38,1.47,0.015,0.004,0.036,0.01,0.01,0.002,0.001,0.001,0.003,792,250,1800,289.4166666666667,1209,1163,50.0,20.17,787.95,762,20.0,640,385,520,28.5,171.33333333333334
0.15,0.38,1.47,0.015,0.004,0.036,0.01,0.01,0.002,0.001,0.001,0.003,798,250,1800,289.5166666666667,1188,1196,40.01,16.34,797.11,756,16.0,640,375,525,32.0,150.0
0.15,0.38,1.47,0.015,0.004,0.036,0.01,0.01,0.002,0.001,0.001,0.003,822,250,1800,303.6166666666667,1198,1186,40.01,16.29,820.26,761,16.0,640,385,525,28.5,159.0
0.15,0.38,1.47,0.015,0.004,0.036,0.01,0.01,0.002,0.001,0.001,0.003,841,250,1800,302.7833333333334,1202,1180,40.0,16.3,815.98,757,16.0,640,365,515,29.5,152.0
0.15,0.38,1.47,0.015,0.004,0.036,0.01,0.01,0.002,0.001,0.001,0.003,818,250,1800,303.05,1205,1184,40.0,16.14,798.58,760,16.0,640,390,530,26.5,147.0
0.15,0.38,1.47,0.015,0.004,0.036,0.01,0.01,0.002,0.001,0.001,0.003,836,250,2000,285.95,1205,1199,50.0,20.32,809.76,761,20.0,640,420,535,32.0,192.0
0.15,0.38,1.47,0.015,0.004,0.036,0.01,0.01,0.002,0.001,0.001,0.003,812,250,2000,291.4666666666666,1207,1177,40.0,16.31,801.42,758,16.0,640,365,510,32.0,143.66666666666666
0.15,0.38,1.47,0.015,0.004,0.036,0.01,0.01,0.002,0.001,0.001,0.003,804,250,2000,270.6333333333333,1206,1187,40.0,16.14,791.4,758,16.0,640,385,515,33.0,175.33333333333334
0.15,0.38,1.47,0.015,0.004,0.036,0.01,0.01,0.002,0.001,0.001,0.003,798,250,2000,281.9333333333333,1203,1155,50.0,20.26,795.59,759,20.0,640,370,520,31.5,176.0
0.15,0.38,1.47,0.015,0.004,0.036,0.01,0.01,0.002,0.001,0.001,0.003,802,250,2000,257.0166666666667,1187,1186,40.0,16.29,781.46,756,16.0,640,385,540,32.5,116.66666666666667
0.15,0.38,1.47,0.015,0.004,0.036,0.01,0.01,0.002,0.001,0.001,0.003,823,250,2000,259.9166666666667,1185,1198,40.0,16.34,818.98,757,16.0,640,400,540,30.0,164.0
0.15,0.38,1.47,0.015,0.004,0.036,0.01,0.01,0.002,0.001,0.001,0.003,824,250,1800,269.15,1187,1182,40.0,16.28,817.96,757,16.0,640,385,525,28.5,193.33333333333334
0.15,0.38,1.47,0.015,0.004,0.036,0.01,0.01,0.002,0.001,0.001,0.003,825,250,1800,271.4,1217,1186,40.0,16.34,801.71,755,16.0,640,360,515,32.0,157.0
0.15,0.38,1.47,0.015,0.004,0.036,0.01,0.01,0.002,0.001,0.001,0.003,822,250,1800,267.4,1217,1201,40.0,16.35,795.36,756,16.0,640,375,510,30.0,152.66666666666666
0.15,0.38,1.47,0.015,0.004,0.036,0.01,0.01,0.002,0.001,0.001,0.003,829,250,1800,251.4333333333333,1218,1180,40.0,16.17,813.79,756,16.0,640,360,510,32.0,147.0
0.15,0.38,1.47,0.015,0.004,0.036,0.01,0.01,0.002,0.001,0.001,0.003,810,250,2000,256.35,1218,1199,50.0,20.35,768.37,759,20.0,640,370,515,27.0,152.33333333333334
0.15,0.38,1.47,0.015,0.004,0.036,0.01,0.01,0.002,0.001,0.001,0.003,814,250,2000,230.7166666666667,1195,1204,50.0,20.13,789.42,759,20.0,640,405,530,33.0,225.66666666666666
0.15,0.38,1.47,0.015,0.004,0.036,0.01,0.01,0.002,0.001,0.001,0.003,831,250,2000,232.45,1222,1168,75.01,30.14,793.91,767,30.0,630,380,520,26.5,202.33333333333334
0.15,0.38,1.47,0.015,0.004,0.036,0.01,0.01,0.002,0.001,0.001,0.003,791,250,1800,513.8833333333333,1179,1138,22.87,20.31,796.9,756,20.0,640,375,520,28.0,215.33333333333334
0.15,0.24,1.46,0.012,0.002,0.035,0.02,0.01,0.002,0.001,0.004,0.002,852,250,2000,486.85,1221,1186,150.04,80.23,810.25,786,80.0,630,425,560,28.5,207.0
0.15,0.24,1.46,0.012,0.002,0.035,0.02,0.01,0.002,0.001,0.004,0.002,847,250,2000,487.3666666666667,1205,1180,120.04,65.03,823.07,790,65.0,630,380,545,22.5,221.33333333333334
0.16,0.27,1.47,0.014,0.002,0.04,0.02,0.01,0.001,0.002,0.001,0.004,863,250,1800,380.4833333333333,1205,1217,120.03,60.45,797.52,794,60.0,630,370,520,32.0,158.0
0.14,0.21,1.5,0.013,0.019,0.018,0.02,0.01,0.005,0.001,0.001,0.001,805,220,1800,289.2166666666666,1194,1198,85.0,34.17,789.1,769,34.0,630,375,530,25.0,179.33333333333334
0.15,0.38,1.47,0.015,0.004,0.036,0.01,0.01,0.002,0.001,0.001,0.003,804,250,2000,360.2333333333333,1226,1232,40.0,16.37,797.47,755,16.0,640,375,525,32.0,187.0
0.15,0.38,1.47,0.015,0.004,0.036,0.01,0.01,0.002,0.001,0.001,0.003,813,250,2000,344.8,1205,1224,40.0,16.31,804.6,752,16.0,640,370,515,29.0,145.66666666666666
0.15,0.38,1.47,0.015,0.004,0.036,0.01,0.01,0.002,0.001,0.001,0.003,815,250,1800,255.2333333333333,1213,1178,40.0,16.08,818.14,755,16.0,640,370,520,29.5,133.0
0.15,0.38,1.47,0.015,0.004,0.036,0.01,0.01,0.002,0.001,0.001,0.003,826,250,1800,257.75,1211,1184,40.0,16.23,815.68,754,16.0,640,365,510,32.5,147.66666666666666
0.15,0.38,1.47,0.015,0.004,0.036,0.01,0.01,0.002,0.001,0.001,0.003,806,250,1800,252.7166666666667,1211,1194,40.0,16.03,801.99,753,16.0,640,385,525,28.0,147.0
0.15,0.38,1.47,0.015,0.004,0.036,0.01,0.01,0.002,0.001,0.001,0.003,849,250,2000,253.7333333333333,1214,1221,140.01,71.12,793.22,784,70.0,630,390,530,32.0,139.0
0.16,0.22,1.39,0.018,0.01,0.04,0.02,0.01,0.004,0.001,0.001,0.002,820,180,1400,269.3833333333333,1211,1218,87.5,35.22,795.54,769,35.0,630,405,540,26.5,112.0
0.15,0.38,1.47,0.015,0.004,0.036,0.01,0.01,0.002,0.001,0.001,0.003,807,250,2000,279.0333333333334,1224,1217,40.0,16.43,800.02,753,16.0,640,375,525,30.0,171.0
0.14,0.21,1.5,0.013,0.019,0.018,0.02,0.01,0.005,0.001,0.001,0.001,827,220,1800,281.65,1224,1200,62.51,25.05,811.6,775,25.0,640,360,515,27.0,208.0
0.15,0.24,1.46,0.012,0.002,0.035,0.02,0.01,0.002,0.001,0.004,0.002,866,300,2000,309.8333333333333,1186,1200,150.0,85.11,786.88,778,85.0,630,380,525,29.0,222.33333333333334
0.15,0.38,1.47,0.015,0.004,0.036,0.01,0.01,0.002,0.001,0.001,0.003,816,250,2000,300.5666666666667,1192,1204,40.0,16.14,817.12,755,16.0,640,380,530,24.5,154.0
0.14,0.21,1.5,0.013,0.019,0.018,0.02,0.01,0.005,0.001,0.001,0.001,828,220,1600,297.6833333333333,1212,1210,75.0,30.01,809.78,767,30.0,630,370,510,26.5,167.66666666666666
0.14,0.21,1.5,0.013,0.019,0.018,0.02,0.01,0.005,0.001,0.001,0.001,787,220,1600,276.3333333333333,1209,1186,50.0,20.16,787.69,762,20.0,640,400,525,29.0,181.33333333333334
0.14,0.21,1.5,0.013,0.019,0.018,0.02,0.01,0.005,0.001,0.001,0.001,810,220,1600,275.4833333333333,1207,1206,40.01,16.4,805.44,757,16.0,640,385,510,33.0,214.0
0.15,0.38,1.47,0.015,0.004,0.036,0.01,0.01,0.002,0.001,0.001,0.003,808,250,2000,294.3333333333333,1205,1183,40.01,16.41,797.5,755,16.0,640,385,535,32.0,149.0
0.15,0.24,1.46,0.012,0.002,0.035,0.02,0.01,0.002,0.001,0.004,0.002,864,300,2400,357.8666666666667,1206,1226,130.0,70.16,767.32,777,70.0,630,415,565,30.5,149.66666666666666
0.15,0.24,1.46,0.012,0.002,0.035,0.02,0.01,0.002,0.001,0.004,0.002,865,300,2400,344.8,1204,1200,130.0,70.01,775.13,777,70.0,630,405,565,29.5,135.0
0.16,0.28,1.46,0.01,0.003,0.034,0.02,0.01,0.002,0.004,0.002,0.003,839,220,1800,331.15,1200,1173,75.02,30.02,809.94,769,30.0,630,400,550,22.5,175.66666666666666
0.15,0.38,1.47,0.015,0.004,0.036,0.01,0.01,0.002,0.001,0.001,0.003,816,250,2000,294.4,1212,1176,50.0,20.03,788.33,756,20.0,640,375,520,25.0,166.0
0.15,0.38,1.47,0.015,0.004,0.036,0.01,0.01,0.002,0.001,0.001,0.003,858,300,2400,322.4833333333333,1206,1209,150.03,80.93,791.81,783,80.0,630,360,520,29.5,133.0
0.15,0.38,1.47,0.015,0.004,0.036,0.01,0.01,0.002,0.001,0.001,0.003,851,300,2400,303.5333333333334,1219,1219,150.04,80.91,782.59,779,80.0,630,370,520,29.0,143.33333333333334
0.15,0.38,1.47,0.015,0.004,0.036,0.01,0.01,0.002,0.001,0.001,0.003,816,300,2000,295.45,1205,1188,62.51,25.05,786.2,763,25.0,640,385,530,24.5,213.66666666666666
0.15,0.38,1.47,0.015,0.004,0.036,0.01,0.01,0.002,0.001,0.001,0.003,863,300,2400,289.4,1218,1222,150.0,80.91,799.9,777,80.0,630,415,555,31.5,183.66666666666666
0.15,0.38,1.47,0.015,0.004,0.036,0.01,0.01,0.002,0.001,0.001,0.003,843,300,2000,288.8333333333333,1229,1213,75.01,30.01,801.0,769,30.0,630,365,520,24.5,186.0
0.15,0.38,1.47,0.015,0.004,0.036,0.01,0.01,0.002,0.001,0.001,0.003,871,300,2000,286.1,1213,1214,75.01,30.08,806.87,769,30.0,630,370,520,24.0,165.33333333333334
0.15,0.38,1.47,0.015,0.004,0.036,0.01,0.01,0.002,0.001,0.001,0.003,861,300,2400,276.9833333333333,1202,1180,150.05,80.84,761.2,773,80.0,630,365,515,28.5,164.0
0.15,0.38,1.47,0.015,0.004,0.036,0.01,0.01,0.002,0.001,0.001,0.003,857,300,2400,273.5333333333334,1225,1226,120.03,60.4,798.62,776,60.0,630,410,555,28.0,224.33333333333334
0.15,0.38,1.47,0.015,0.004,0.036,0.01,0.01,0.002,0.001,0.001,0.003,870,300,2400,314.4333333333333,1194,1215,150.05,81.21,809.19,784,80.0,630,380,525,29.0,134.66666666666666
0.15,0.38,1.47,0.015,0.004,0.036,0.01,0.01,0.002,0.001,0.001,0.003,808,220,1800,252.45,1235,1234,50.0,20.48,799.6,760,20.0,640,385,540,24.5,209.66666666666666
0.15,0.38,1.47,0.015,0.004,0.036,0.01,0.01,0.002,0.001,0.001,0.003,798,220,1800,243.3666666666667,1233,1218,50.0,22.57,773.14,761,20.0,640,415,540,27.5,211.66666666666666
0.15,0.38,1.47,0.015,0.004,0.036,0.01,0.01,0.002,0.001,0.001,0.003,814,220,1800,245.5833333333333,1232,1216,50.0,22.17,798.63,760,20.0,640,395,535,30.5,195.66666666666666
0.15,0.38,1.47,0.015,0.004,0.036,0.01,0.01,0.002,0.001,0.001,0.003,800,220,1800,246.7833333333333,1211,1202,50.01,20.05,792.35,761,20.0,640,415,545,27.0,202.33333333333334
0.15,0.38,1.47,0.015,0.004,0.036,0.01,0.01,0.002,0.001,0.001,0.003,829,220,1800,243.65,1213,1213,50.01,20.25,806.35,760,20.0,640,390,530,30.0,198.66666666666666
0.15,0.38,1.47,0.015,0.004,0.036,0.01,0.01,0.002,0.001,0.001,0.003,778,220,1800,256.8,1219,1201,50.0,20.3,766.49,762,20.0,640,420,540,28.0,214.0
0.15,0.38,1.47,0.015,0.004,0.036,0.01,0.01,0.002,0.001,0.001,0.003,829,220,1800,329.4833333333333,1228,1225,85.05,34.11,795.58,769,34.0,630,395,545,25.0,199.33333333333334
0.15,0.38,1.47,0.015,0.004,0.036,0.01,0.01,0.002,0.001,0.001,0.003,810,220,1800,241.6833333333333,1237,1210,50.02,20.1,784.24,761,20.0,640,410,535,25.0,187.66666666666666
0.15,0.38,1.47,0.015,0.004,0.036,0.01,0.01,0.002,0.001,0.001,0.003,815,220,1800,241.75,1220,1187,50.0,20.24,789.47,760,20.0,640,410,545,27.5,201.0
0.15,0.38,1.47,0.015,0.004,0.036,0.01,0.01,0.002,0.001,0.001,0.003,801,220,1600,304.6666666666667,1215,1227,40.0,16.27,810.57,756,16.0,640,380,525,30.5,125.0
0.15,0.38,1.47,0.015,0.004,0.036,0.01,0.01,0.002,0.001,0.001,0.003,806,220,1600,305.6166666666667,1217,1189,40.0,16.61,828.32,756,16.0,640,390,540,29.0,143.0
0.15,0.24,1.46,0.012,0.002,0.035,0.02,0.01,0.002,0.001,0.004,0.002,865,250,2000,377.65,1226,1224,130.0,80.27,783.31,778,80.0,630,425,570,26.0,143.33333333333334
0.15,0.24,1.46,0.012,0.002,0.035,0.02,0.01,0.002,0.001,0.004,0.002,870,250,2000,378.2833333333334,1227,1213,130.02,80.47,771.18,783,80.0,630,380,535,26.5,132.33333333333334
0.15,0.38,1.47,0.015,0.004,0.036,0.01,0.01,0.002,0.001,0.001,0.003,794,220,1800,308.4,1212,1206,50.01,20.37,789.94,760,20.0,640,410,540,28.0,135.0
0.15,0.38,1.47,0.015,0.004,0.036,0.01,0.01,0.002,0.001,0.001,0.003,817,220,1600,245.3666666666667,1230,1170,40.0,16.45,795.75,752,16.0,640,380,530,29.5,138.0
0.15,0.38,1.47,0.015,0.004,0.036,0.01,0.01,0.002,0.001,0.001,0.003,781,220,1600,253.5666666666667,1202,1173,50.02,20.55,784.72,762,20.0,640,390,535,30.5,199.66666666666666
0.15,0.38,1.47,0.015,0.004,0.036,0.01,0.01,0.002,0.001,0.001,0.003,813,220,1600,346.35,1196,1135,40.0,16.43,830.83,758,16.0,640,390,525,27.0,156.66666666666666
0.15,0.24,1.46,0.012,0.002,0.035,0.02,0.01,0.002,0.001,0.004,0.002,870,250,2000,319.9333333333333,1203,1208,130.0,80.16,784.49,778,80.0,630,400,545,28.0,105.66666666666667
0.15,0.24,1.46,0.012,0.002,0.035,0.02,0.01,0.002,0.001,0.004,0.002,876,250,2000,301.6166666666667,1222,1199,130.02,80.29,786.24,778,80.0,630,375,530,27.0,126.66666666666667
0.15,0.38,1.47,0.015,0.004,0.036,0.01,0.01,0.002,0.001,0.001,0.003,809,220,1800,310.75,1195,1206,85.01,34.1,789.78,769,34.0,630,420,545,32.5,209.66666666666666
0.14,0.21,1.5,0.013,0.019,0.018,0.02,0.01,0.005,0.001,0.001,0.001,805,180,1400,498.8,1217,1188,40.03,16.54,816.72,756,16.0,640,375,520,25.5,119.66666666666667
0.15,0.38,1.47,0.015,0.004,0.036,0.01,0.01,0.002,0.001,0.001,0.003,826,220,1800,285.3333333333333,1212,1162,50.0,20.73,797.01,760,20.0,640,395,540,25.5,151.33333333333334
0.15,0.38,1.47,0.015,0.004,0.036,0.01,0.01,0.002,0.001,0.001,0.003,810,220,1800,287.6833333333333,1206,1148,50.0,20.61,793.25,761,20.0,640,405,530,27.0,181.66666666666666
0.15,0.38,1.47,0.015,0.004,0.036,0.01,0.01,0.002,0.001,0.001,0.003,797,220,1800,268.9666666666666,1213,1189,50.0,20.64,778.91,759,20.0,640,425,550,24.5,165.0
0.15,0.38,1.47,0.015,0.004,0.036,0.01,0.01,0.002,0.001,0.001,0.003,793,220,1800,290.7,1213,1203,50.0,20.21,792.83,758,20.0,640,420,550,26.0,155.0
0.15,0.38,1.47,0.015,0.004,0.036,0.01,0.01,0.002,0.001,0.001,0.003,799,220,1800,292.3333333333333,1224,1234,50.0,20.29,777.11,760,20.0,640,415,545,22.5,220.66666666666666
0.15,0.38,1.47,0.015,0.004,0.036,0.01,0.01,0.002,0.001,0.001,0.003,789,220,1800,285.6166666666667,1218,1224,50.04,20.45,776.88,761,20.0,640,430,550,25.5,131.33333333333334
0.15,0.38,1.47,0.015,0.004,0.036,0.01,0.01,0.002,0.001,0.001,0.003,779,220,1800,284.4833333333333,1228,1227,50.04,20.42,767.76,761,20.0,640,420,535,27.5,189.33333333333334
0.15,0.38,1.47,0.015,0.004,0.036,0.01,0.01,0.002,0.001,0.001,0.003,817,220,1800,288.6,1231,1219,50.0,20.12,789.69,760,20.0,640,410,535,26.0,166.0
0.14,0.21,1.5,0.013,0.019,0.018,0.02,0.01,0.005,0.001,0.001,0.001,810,180,1400,287.5833333333333,1217,1204,50.0,20.11,803.12,762,20.0,640,385,525,29.0,153.66666666666666
0.15,0.38,1.47,0.015,0.004,0.036,0.01,0.01,0.002,0.001,0.001,0.003,796,220,1800,315.4666666666666,1230,1226,50.0,20.52,777.97,761,20.0,640,385,530,31.0,184.33333333333334
0.15,0.38,1.47,0.015,0.004,0.036,0.01,0.01,0.002,0.001,0.001,0.003,807,220,1800,314.4333333333333,1229,1224,50.0,20.33,793.84,759,20.0,640,400,540,28.5,166.66666666666666
0.15,0.38,1.47,0.015,0.004,0.036,0.01,0.01,0.002,0.001,0.001,0.003,799,220,1800,311.2166666666666,1218,1211,50.0,20.2,791.64,773,20.0,640,405,540,28.0,135.33333333333334
0.14,0.21,1.5,0.013,0.019,0.018,0.02,0.01,0.005,0.001,0.001,0.001,799,180,1400,292.25,1218,1216,50.0,20.47,786.44,801,20.0,640,375,510,31.5,118.33333333333333
0.15,0.38,1.47,0.015,0.004,0.036,0.01,0.01,0.002,0.001,0.001,0.003,871,220,1600,266.85,1223,1194,120.01,60.54,814.59,787,60.0,630,400,535,31.5,182.66666666666666
0.15,0.38,1.47,0.015,0.004,0.036,0.01,0.01,0.002,0.001,0.001,0.003,805,250,2000,265.85,1223,1188,50.01,16.5,809.48,750,16.0,640,380,520,33.5,152.33333333333334
0.15,0.38,1.47,0.015,0.004,0.036,0.01,0.01,0.002,0.001,0.001,0.003,811,220,1800,255.7333333333333,1210,1215,50.0,20.08,795.93,762,20.0,640,400,545,27.5,153.66666666666666
0.15,0.38,1.47,0.015,0.004,0.036,0.01,0.01,0.002,0.001,0.001,0.003,809,220,1800,210.1833333333333,1232,1219,50.0,20.22,792.43,762,20.0,640,390,535,30.0,150.33333333333334
0.14,0.21,1.5,0.013,0.019,0.018,0.02,0.01,0.005,0.001,0.001,0.001,836,180,1400,289.5166666666667,1230,1214,40.0,16.42,827.46,757,16.0,640,370,515,30.0,211.33333333333334
0.15,0.38,1.47,0.015,0.004,0.036,0.01,0.01,0.002,0.001,0.001,0.003,829,220,1800,289.8666666666667,1205,1168,50.03,20.54,794.25,761,20.0,640,410,535,30.5,177.33333333333334
0.14,0.21,1.5,0.013,0.019,0.018,0.02,0.01,0.005,0.001,0.001,0.001,814,180,1400,291.8666666666667,1196,1154,50.03,20.16,811.75,763,20.0,640,375,510,30.5,206.0
0.15,0.38,1.47,0.015,0.004,0.036,0.01,0.01,0.002,0.001,0.001,0.003,853,250,2000,224.4666666666667,1201,1206,100.01,60.09,780.85,775,60.0,630,405,555,28.5,177.33333333333334
0.15,0.38,1.47,0.015,0.004,0.036,0.01,0.01,0.002,0.001,0.001,0.003,798,250,2000,110.6,1214,1207,50.0,20.08,776.63,756,20.0,640,380,530,25.0,204.66666666666666
0.15,0.38,1.47,0.015,0.004,0.036,0.01,0.01,0.002,0.001,0.001,0.003,867,300,2000,204.5,1200,1200,150.01,80.1,811.18,786,80.0,630,365,510,28.5,245.33333333333334
0.15,0.38,1.47,0.015,0.004,0.036,0.01,0.01,0.002,0.001,0.001,0.003,873,300,2400,213.3833333333333,1203,1198,150.03,80.4,759.33,780,80.0,630,360,525,29.5,192.66666666666666
0.15,0.38,1.47,0.015,0.004,0.036,0.01,0.01,0.002,0.001,0.001,0.003,874,300,2400,217.0,1205,1203,150.0,80.41,769.77,784,80.0,630,375,525,26.5,151.33333333333334
0.15,0.38,1.47,0.015,0.004,0.036,0.01,0.01,0.002,0.001,0.001,0.003,790,220,1800,277.7833333333334,1232,1229,50.0,20.46,791.98,761,20.0,640,390,525,27.5,163.66666666666666
0.14,0.21,1.5,0.013,0.019,0.018,0.02,0.01,0.005,0.001,0.001,0.001,825,180,1800,283.8166666666667,1232,1222,40.01,16.42,801.76,757,16.0,640,405,530,25.5,152.33333333333334
0.17,0.34,1.44,0.012,0.004,0.015,0.01,0.02,0.002,0.004,0.002,0.005,863,250,2400,275.6333333333333,1217,1231,120.0,60.31,799.48,776,60.0,630,410,570,24.5,152.33333333333334
0.16,0.28,1.46,0.01,0.003,0.034,0.02,0.01,0.002,0.004,0.002,0.003,850,300,2400,386.0166666666667,1207,1228,150.02,80.56,802.66,778,80.0,630,390,550,26.0,150.66666666666666
0.15,0.38,1.47,0.015,0.004,0.036,0.01,0.01,0.002,0.001,0.001,0.003,817,250,2000,316.0333333333334,1227,1233,50.0,20.23,794.67,755,20.0,640,390,525,27.0,134.33333333333334
0.14,0.21,1.5,0.013,0.019,0.018,0.02,0.01,0.005,0.001,0.001,0.001,783,180,1400,77.73333333333333,1210,1193,50.0,20.36,776.2,762,20.0,640,400,540,27.5,140.33333333333334
0.14,0.21,1.5,0.013,0.019,0.018,0.02,0.01,0.005,0.001,0.001,0.001,815,250,2000,140.35,1210,1197,50.0,20.22,777.09,759,20.0,640,425,540,22.0,166.0
0.15,0.38,1.47,0.015,0.004,0.036,0.01,0.01,0.002,0.001,0.001,0.003,804,250,2000,240.8333333333333,1206,1198,50.01,20.36,791.48,755,20.0,640,390,520,27.0,204.33333333333334
0.15,0.38,1.47,0.015,0.004,0.036,0.01,0.01,0.002,0.001,0.001,0.003,829,250,2000,242.1,1208,1217,50.0,20.3,799.05,753,20.0,640,410,525,31.0,222.0
0.15,0.24,1.46,0.012,0.002,0.035,0.02,0.01,0.002,0.001,0.004,0.002,828,220,1600,277.8666666666667,1224,1196,80.0,32.43,808.65,769,32.0,621,397,543,20.0,201.66666666666666
0.15,0.24,1.46,0.012,0.002,0.035,0.02,0.01,0.002,0.001,0.004,0.002,852,300,2400,300.7,1211,1162,75.0,30.05,781.17,775,30.0,624,372,550,22.5,197.33333333333334
0.17,0.34,1.44,0.012,0.004,0.015,0.01,0.02,0.002,0.004,0.002,0.005,850,300,2000,349.4166666666667,1194,1177,100.0,50.05,765.39,780,50.0,658,400,550,27.0,199.66666666666666
0.17,0.34,1.44,0.012,0.004,0.015,0.01,0.02,0.002,0.004,0.002,0.005,847,300,2000,352.3333333333333,1210,1189,120.0,60.83,763.69,797,60.0,567,421,570,21.5,145.0
0.17,0.34,1.44,0.012,0.004,0.015,0.01,0.02,0.002,0.004,0.002,0.005,824,250,2000,380.4166666666667,1180,1160,65.0,26.02,797.1,760,26.0,656,379,531,26.0,162.0
0.15,0.38,1.47,0.015,0.004,0.036,0.01,0.01,0.002,0.001,0.001,0.003,842,300,1800,242.55,1202,1177,140.03,70.23,773.28,782,70.0,649,421,569,29.5,147.66666666666666
0.15,0.38,1.47,0.015,0.004,0.036,0.01,0.01,0.002,0.001,0.001,0.003,847,300,1800,246.1,1190,1173,130.02,70.57,780.95,779,70.0,577,413,564,27.0,129.0
0.15,0.24,1.46,0.012,0.002,0.035,0.02,0.01,0.002,0.001,0.004,0.002,875,300,1800,260.4666666666666,1203,1184,140.01,70.53,823.53,810,70.0,644,372,542,29.0,182.33333333333334
0.15,0.24,1.46,0.012,0.002,0.035,0.02,0.01,0.002,0.001,0.004,0.002,847,300,1800,309.9833333333333,1226,1203,140.02,70.11,754.86,781,70.0,600,414,557,26.5,198.33333333333334
0.15,0.38,1.47,0.015,0.004,0.036,0.01,0.01,0.002,0.001,0.001,0.003,849,300,2000,313.2333333333333,1201,1184,132.01,66.22,782.04,780,66.0,574,374,535,30.0,245.0
0.17,0.34,1.44,0.012,0.004,0.015,0.01,0.02,0.002,0.004,0.002,0.005,812,220,1800,307.65,1229,1200,45.0,18.07,795.97,743,18.0,657,382,537,28.5,132.0
0.17,0.34,1.44,0.012,0.004,0.015,0.01,0.02,0.002,0.004,0.002,0.005,819,250,2000,261.4333333333333,1228,1204,45.0,18.03,774.3,741,18.0,654,391,548,27.5,181.66666666666666
0.15,0.24,1.46,0.012,0.002,0.035,0.02,0.01,0.002,0.001,0.004,0.002,852,300,2000,280.2166666666666,1186,1167,120.0,60.06,759.5,786,60.0,687,374,529,24.5,238.0
0.15,0.24,1.46,0.012,0.002,0.035,0.02,0.01,0.002,0.001,0.004,0.002,782,250,2000,354.8,1209,1190,45.0,15.02,785.34,741,15.0,647,398,561,28.5,210.0
0.15,0.24,1.46,0.012,0.002,0.035,0.02,0.01,0.002,0.001,0.004,0.002,837,220,1800,266.9833333333333,1222,1191,140.0,70.59,769.76,787,70.0,583,381,537,28.5,232.33333333333334
0.16,0.27,1.47,0.014,0.002,0.04,0.02,0.01,0.001,0.002,0.001,0.004,857,300,2400,350.6666666666667,1214,1174,150.0,80.05,796.74,784,80.0,617,387,531,31.0,218.33333333333334
0.17,0.34,1.44,0.012,0.004,0.015,0.01,0.02,0.002,0.004,0.002,0.005,797,220,1800,248.15,1199,1175,40.0,16.05,774.57,740,16.0,642,395,554,28.5,216.33333333333334
0.17,0.34,1.44,0.012,0.004,0.015,0.01,0.02,0.002,0.004,0.002,0.005,803,250,1800,249.8,1207,1182,40.0,16.06,794.3,744,16.0,654,375,546,26.5,183.0
0.17,0.32,1.37,0.016,0.01,0.016,0.02,0.02,0.003,0.001,0.001,0.002,800,220,1800,361.2666666666667,1209,1179,55.0,22.1,781.75,746,22.0,637,396,542,23.0,172.66666666666666
0.17,0.34,1.44,0.012,0.004,0.015,0.01,0.02,0.002,0.004,0.002,0.005,824,300,2000,378.4,1209,1189,50.01,20.07,806.99,759,20.0,647,380,537,25.5,207.33333333333334
0.14,0.21,1.5,0.013,0.019,0.018,0.02,0.01,0.005,0.001,0.001,0.001,813,220,1800,299.2833333333334,1194,1171,36.0,12.01,807.32,741,12.0,648,372,522,32.5,187.33333333333334
0.17,0.34,1.44,0.012,0.004,0.015,0.01,0.02,0.002,0.004,0.002,0.005,806,150,1800,275.8166666666667,1201,1155,50.0,20.16,792.18,747,20.0,659,399,554,26.0,181.66666666666666
0.16,0.28,1.46,0.01,0.003,0.034,0.02,0.01,0.002,0.004,0.002,0.003,826,220,1800,238.15,1206,1178,36.67,12.19,821.14,748,12.0,655,402,538,27.5,163.0
0.17,0.34,1.44,0.012,0.004,0.015,0.01,0.02,0.002,0.004,0.002,0.005,864,250,2000,260.2166666666666,1221,1196,150.03,80.55,821.81,769,80.0,572,391,560,21.0,145.0
0.17,0.34,1.44,0.012,0.004,0.015,0.01,0.02,0.002,0.004,0.002,0.005,837,220,1600,271.65,1198,1175,62.51,25.02,816.37,774,25.0,648,396,541,24.5,202.0
0.15,0.24,1.46,0.012,0.002,0.035,0.02,0.01,0.002,0.001,0.004,0.002,844,300,2000,283.85,1189,1172,74.0,37.11,802.62,789,37.0,626,375,533,29.5,165.33333333333334
0.15,0.24,1.46,0.012,0.002,0.035,0.02,0.01,0.002,0.001,0.004,0.002,833,300,2000,292.45,1195,1171,74.0,37.35,794.09,773,37.0,638,379,541,26.5,188.33333333333334
0.15,0.24,1.46,0.012,0.002,0.035,0.02,0.01,0.002,0.001,0.004,0.002,835,300,2000,294.1666666666667,1194,1178,74.0,37.2,802.23,775,37.0,609,388,547,29.5,240.66666666666666
0.15,0.38,1.47,0.015,0.004,0.036,0.01,0.01,0.002,0.001,0.001,0.003,850,300,1800,262.2,1194,1173,120.0,60.52,755.9,781,60.0,570,404,557,28.0,198.66666666666666
0.15,0.38,1.47,0.015,0.004,0.036,0.01,0.01,0.002,0.001,0.001,0.003,831,300,1800,259.9666666666666,1192,1162,96.0,48.76,727.08,756,48.0,613,390,541,29.5,163.0
0.15,0.38,1.47,0.015,0.004,0.036,0.01,0.01,0.002,0.001,0.001,0.003,833,300,1800,261.35,1192,1154,96.0,48.04,739.91,761,48.0,613,388,539,28.5,169.33333333333334
0.15,0.38,1.47,0.015,0.004,0.036,0.01,0.01,0.002,0.001,0.001,0.003,837,300,1800,260.0833333333333,1198,1161,96.0,48.81,769.68,766,48.0,627,424,559,27.0,222.0
0.15,0.38,1.47,0.015,0.004,0.036,0.01,0.01,0.002,0.001,0.001,0.003,860,300,1800,275.05,1200,1180,96.0,48.39,751.54,783,48.0,571,394,542,30.5,201.0
0.15,0.38,1.47,0.015,0.004,0.036,0.01,0.01,0.002,0.001,0.001,0.003,856,300,1800,272.6166666666667,1194,1179,95.99,48.39,769.16,782,48.0,609,387,532,27.5,161.33333333333334
0.15,0.38,1.47,0.015,0.004,0.036,0.01,0.01,0.002,0.001,0.001,0.003,857,300,1800,270.5,1194,1172,96.01,48.57,765.72,769,48.0,653,404,555,24.5,210.33333333333334
0.15,0.38,1.47,0.015,0.004,0.036,0.01,0.01,0.002,0.001,0.001,0.003,858,300,1800,270.0333333333334,1194,1171,96.01,48.56,759.42,780,48.0,638,377,534,34.0,163.66666666666666
0.15,0.38,1.47,0.015,0.004,0.036,0.01,0.01,0.002,0.001,0.001,0.003,860,300,1800,261.5333333333334,1184,1166,96.0,48.63,765.82,780,48.0,618,373,529,31.0,194.33333333333334
0.15,0.38,1.47,0.015,0.004,0.036,0.01,0.01,0.002,0.001,0.001,0.003,857,300,1800,267.95,1179,1164,96.0,48.66,748.09,763,48.0,628,371,536,34.0,170.33333333333334
0.17,0.34,1.44,0.012,0.004,0.015,0.01,0.02,0.002,0.004,0.002,0.005,857,250,2000,293.7,1195,1164,130.01,65.18,753.21,778,65.0,585,413,548,26.5,218.0
0.17,0.34,1.44,0.012,0.004,0.015,0.01,0.02,0.002,0.004,0.002,0.005,797,250,1800,301.4166666666667,1190,1169,50.0,20.07,753.91,746,20.0,653,400,555,23.5,168.33333333333334
0.15,0.24,1.46,0.012,0.002,0.035,0.02,0.01,0.002,0.001,0.004,0.002,839,250,2000,460.1333333333333,1203,1183,100.01,51.44,815.53,793,50.0,580,384,536,30.0,210.66666666666666
0.15,0.24,1.46,0.012,0.002,0.035,0.02,0.01,0.002,0.001,0.004,0.002,836,250,2000,315.5166666666667,1212,1186,80.0,32.02,789.82,763,32.0,652,398,544,28.5,136.0
0.16,0.28,1.46,0.01,0.003,0.034,0.02,0.01,0.002,0.004,0.002,0.003,805,300,2400,391.15,1187,1150,62.5,25.49,824.36,751,25.0,628,396,552,22.5,178.0
0.15,0.24,1.46,0.012,0.002,0.035,0.02,0.01,0.002,0.001,0.004,0.002,811,250,1800,357.9833333333333,1181,1163,80.01,32.26,788.2,762,32.0,633,410,561,29.5,225.0
0.17,0.34,1.44,0.012,0.004,0.015,0.01,0.02,0.002,0.004,0.002,0.005,869,250,2000,317.0666666666667,1210,1186,135.0,80.61,813.98,792,80.0,600,393,563,25.0,164.66666666666666
0.15,0.38,1.47,0.015,0.004,0.036,0.01,0.01,0.002,0.001,0.001,0.003,840,300,1800,325.3666666666667,1188,1169,100.02,50.03,782.36,767,50.0,600,395,546,29.5,226.0
0.17,0.32,1.37,0.016,0.01,0.016,0.02,0.02,0.003,0.001,0.001,0.002,839,250,2000,322.65,1219,1195,100.0,50.1,781.82,777,50.0,643,399,555,20.0,158.33333333333334
0.15,0.38,1.47,0.015,0.004,0.036,0.01,0.01,0.002,0.001,0.001,0.003,823,300,1800,311.4333333333333,1186,1169,96.0,48.14,783.74,768,48.0,649,396,549,25.0,173.66666666666666
0.17,0.34,1.44,0.012,0.004,0.015,0.01,0.02,0.002,0.004,0.002,0.005,857,250,2000,358.2833333333334,1217,1192,130.0,65.05,798.32,771,65.0,622,363,526,28.5,231.0
0.15,0.38,1.47,0.015,0.004,0.036,0.01,0.01,0.002,0.001,0.001,0.003,840,300,1800,365.6333333333333,1188,1172,96.01,48.01,816.24,788,48.0,572,387,543,28.5,141.0
0.17,0.32,1.37,0.016,0.01,0.016,0.02,0.02,0.003,0.001,0.001,0.002,872,300,2000,234.15,1195,1176,149.99,80.35,823.71,801,80.0,615,368,533,29.5,150.33333333333334
0.17,0.34,1.44,0.012,0.004,0.015,0.01,0.02,0.002,0.004,0.002,0.005,840,250,2000,414.85,1204,1184,100.01,50.0,769.17,775,50.0,681,397,555,23.0,176.0
0.17,0.34,1.44,0.012,0.004,0.015,0.01,0.02,0.002,0.004,0.002,0.005,808,300,1800,339.0666666666667,1230,1210,50.01,20.12,799.45,743,20.0,622,389,552,27.5,193.0
0.15,0.24,1.46,0.012,0.002,0.035,0.02,0.01,0.002,0.001,0.004,0.002,837,300,1800,337.1333333333333,1217,1194,80.01,32.41,805.03,776,32.0,640,374,540,31.0,132.66666666666666
0.15,0.38,1.47,0.015,0.004,0.036,0.01,0.01,0.002,0.001,0.001,0.003,842,300,2000,296.7666666666667,1206,1190,80.0,32.05,820.84,786,32.0,585,363,543,26.0,211.33333333333334
0.15,0.24,1.46,0.012,0.002,0.035,0.02,0.01,0.002,0.001,0.004,0.002,817,300,1800,267.7166666666666,1208,1186,80.02,32.31,795.1,756,32.0,636,380,533,30.5,206.33333333333334
0.15,0.24,1.46,0.012,0.002,0.035,0.02,0.01,0.002,0.001,0.004,0.002,831,250,1800,300.9333333333333,1218,1193,80.02,32.51,798.07,774,32.0,612,393,553,31.5,244.66666666666666
0.17,0.34,1.44,0.012,0.004,0.015,0.01,0.02,0.002,0.004,0.002,0.005,861,300,1800,321.6833333333333,1186,1165,145.01,80.05,810.93,789,80.0,594,419,562,25.5,121.33333333333333
0.16,0.27,1.47,0.014,0.002,0.04,0.02,0.01,0.001,0.002,0.001,0.004,837,300,2000,480.3333333333333,1215,1195,80.0,40.29,779.3,766,40.0,597,394,539,29.5,232.0
0.14,0.21,1.5,0.013,0.019,0.018,0.02,0.01,0.005,0.001,0.001,0.001,868,300,1800,486.55,1214,1182,36.0,12.29,866.01,768,12.0,652,369,516,32.0,214.66666666666666
0.14,0.21,1.5,0.013,0.019,0.018,0.02,0.01,0.005,0.001,0.001,0.001,856,300,1800,478.5,1197,1176,36.01,12.1,865.15,773,12.0,646,363,517,30.5,189.0
0.17,0.34,1.44,0.012,0.004,0.015,0.01,0.02,0.002,0.004,0.002,0.005,838,150,1800,306.7166666666666,1220,1177,72.02,36.1,799.74,764,36.0,645,402,563,26.0,206.33333333333334
0.14,0.21,1.5,0.013,0.019,0.018,0.02,0.01,0.005,0.001,0.001,0.001,815,150,1400,246.2,1208,1166,50.0,24.09,792.91,750,24.0,581,386,535,22.5,133.0
0.17,0.34,1.44,0.012,0.004,0.015,0.01,0.02,0.002,0.004,0.002,0.005,826,150,1800,296.2,1214,1172,70.02,28.22,800.55,765,28.0,660,383,530,27.5,236.66666666666666
0.15,0.24,1.46,0.012,0.002,0.035,0.02,0.01,0.002,0.001,0.004,0.002,811,300,1800,298.6666666666667,1200,1180,80.0,32.17,789.86,761,32.0,639,389,535,29.0,237.33333333333334
0.15,0.24,1.46,0.012,0.002,0.035,0.02,0.01,0.002,0.001,0.004,0.002,861,250,1800,244.8,1202,1178,100.0,50.16,822.36,804,50.0,653,371,529,27.0,237.66666666666666
0.15,0.24,1.46,0.012,0.002,0.035,0.02,0.01,0.002,0.001,0.004,0.002,868,250,1800,243.85,1199,1174,150.01,80.19,821.46,811,80.0,585,368,533,30.5,197.33333333333334
0.17,0.34,1.44,0.012,0.004,0.015,0.01,0.02,0.002,0.004,0.002,0.005,874,250,2000,241.6166666666667,1204,1185,149.99,80.03,822.28,809,80.0,591,387,549,27.5,213.0
0.17,0.34,1.44,0.012,0.004,0.015,0.01,0.02,0.002,0.004,0.002,0.005,865,250,2000,279.6,1212,1187,120.0,60.71,818.22,800,60.0,624,376,538,29.0,184.66666666666666
0.15,0.24,1.46,0.012,0.002,0.035,0.02,0.01,0.002,0.001,0.004,0.002,855,300,1800,281.8333333333333,1196,1176,150.0,80.28,811.74,799,80.0,601,401,565,29.0,226.66666666666666
0.15,0.24,1.46,0.012,0.002,0.035,0.02,0.01,0.002,0.001,0.004,0.002,854,300,1800,287.3833333333333,1181,1164,150.0,80.09,779.9,769,80.0,695,381,550,31.5,184.66666666666666
0.15,0.38,1.47,0.015,0.004,0.036,0.01,0.01,0.002,0.001,0.001,0.003,845,300,2000,276.5333333333334,1184,1169,139.99,70.85,771.97,776,70.0,668,393,547,30.0,172.66666666666666
0.15,0.38,1.47,0.015,0.004,0.036,0.01,0.01,0.002,0.001,0.001,0.003,843,300,2000,278.35,1185,1168,140.0,70.84,801.07,781,70.0,613,405,557,27.0,196.0
0.15,0.24,1.46,0.012,0.002,0.035,0.02,0.01,0.002,0.001,0.004,0.002,836,300,2400,276.1333333333333,1179,1165,120.0,60.2,759.37,774,60.0,607,392,546,26.5,175.66666666666666
0.15,0.24,1.46,0.012,0.002,0.035,0.02,0.01,0.002,0.001,0.004,0.002,855,300,2400,277.95,1209,1186,120.0,60.54,794.57,796,60.0,638,408,563,27.5,230.33333333333334
0.15,0.24,1.46,0.012,0.002,0.035,0.02,0.01,0.002,0.001,0.004,0.002,851,300,2400,271.1166666666667,1205,1182,120.0,60.16,790.79,796,60.0,615,405,554,29.0,219.0
0.15,0.38,1.47,0.015,0.004,0.036,0.01,0.01,0.002,0.001,0.001,0.003,855,300,2000,265.8333333333333,1196,1179,80.0,32.39,822.37,780,32.0,623,368,551,28.0,220.66666666666666
0.15,0.24,1.46,0.012,0.002,0.035,0.02,0.01,0.002,0.001,0.004,0.002,874,300,2400,292.5166666666667,1206,1183,140.0,70.14,795.18,804,70.0,579,369,534,28.5,161.0
0.15,0.24,1.46,0.012,0.002,0.035,0.02,0.01,0.002,0.001,0.004,0.002,861,300,1800,299.05,1204,1180,150.0,80.28,813.91,798,80.0,612,372,532,34.5,210.0
0.15,0.24,1.46,0.012,0.002,0.035,0.02,0.01,0.002,0.001,0.004,0.002,852,300,2000,307.6,1208,1187,140.0,70.2,814.22,790,70.0,586,386,551,32.0,208.66666666666666
0.17,0.34,1.44,0.012,0.004,0.015,0.01,0.02,0.002,0.004,0.002,0.005,790,300,1800,369.4,1183,1162,40.0,16.0,800.44,740,16.0,640,378,555,28.0,109.66666666666667
0.17,0.34,1.44,0.012,0.004,0.015,0.01,0.02,0.002,0.004,0.002,0.005,824,300,1800,244.4333333333333,1180,1163,40.03,16.07,819.35,752,16.0,654,379,554,28.0,118.0
0.17,0.34,1.44,0.012,0.004,0.015,0.01,0.02,0.002,0.004,0.002,0.005,824,300,1800,245.4333333333333,1210,1189,40.0,16.0,823.25,754,16.0,649,382,551,32.5,138.33333333333334
0.17,0.34,1.44,0.012,0.004,0.015,0.01,0.02,0.002,0.004,0.002,0.005,815,220,1800,244.9166666666667,1195,1171,40.0,16.18,819.87,754,16.0,646,389,548,29.0,130.33333333333334
0.17,0.34,1.44,0.012,0.004,0.015,0.01,0.02,0.002,0.004,0.002,0.005,833,300,2000,248.5166666666667,1212,1187,55.0,22.04,815.28,769,22.0,655,371,544,23.5,111.66666666666667
0.17,0.34,1.44,0.012,0.004,0.015,0.01,0.02,0.002,0.004,0.002,0.005,819,300,2000,250.55,1186,1169,55.0,22.09,797.94,752,22.0,655,382,545,23.5,152.0
0.17,0.34,1.44,0.012,0.004,0.015,0.01,0.02,0.002,0.004,0.002,0.005,836,300,1800,252.55,1186,1166,55.0,22.09,816.97,776,22.0,647,373,538,29.5,141.66666666666666
0.15,0.24,1.46,0.012,0.002,0.035,0.02,0.01,0.002,0.001,0.004,0.002,883,250,2000,277.05,1214,1189,130.0,80.01,827.77,815,80.0,579,410,562,28.0,228.0
0.17,0.34,1.44,0.012,0.004,0.015,0.01,0.02,0.002,0.004,0.002,0.005,847,300,1800,289.5,1215,1194,90.0,45.06,799.68,784,45.0,640,389,547,31.0,161.66666666666666
0.15,0.38,1.47,0.015,0.004,0.036,0.01,0.01,0.002,0.001,0.001,0.003,813,300,2000,281.5666666666667,1179,1162,80.0,32.51,786.24,760,32.0,637,407,563,22.5,227.33333333333334
0.17,0.34,1.44,0.012,0.004,0.015,0.01,0.02,0.002,0.004,0.002,0.005,828,250,1800,254.5,1217,1192,80.0,40.95,797.33,776,40.0,637,382,537,30.5,231.66666666666666
0.17,0.34,1.44,0.012,0.004,0.015,0.01,0.02,0.002,0.004,0.002,0.005,838,220,1800,304.4166666666667,1208,1183,55.0,22.36,815.88,764,22.0,638,393,540,28.5,151.33333333333334
0.14,0.21,1.5,0.013,0.019,0.018,0.02,0.01,0.005,0.001,0.001,0.001,785,300,2000,273.6,1197,1169,45.0,18.04,773.04,744,18.0,625,383,520,22.5,213.0
0.17,0.34,1.44,0.012,0.004,0.015,0.01,0.02,0.002,0.004,0.002,0.005,863,300,2000,240.6833333333333,1192,1174,80.0,32.18,793.94,774,32.0,632,405,542,28.0,148.33333333333334
0.17,0.34,1.44,0.012,0.004,0.015,0.01,0.02,0.002,0.004,0.002,0.005,859,300,2000,240.6666666666667,1188,1173,80.0,32.15,792.61,772,32.0,631,405,550,29.5,146.66666666666666
0.17,0.34,1.44,0.012,0.004,0.015,0.01,0.02,0.002,0.004,0.002,0.005,854,220,1600,306.5166666666667,1190,1168,100.0,60.42,802.34,774,60.0,586,404,552,29.0,102.0
0.16,0.27,1.47,0.014,0.002,0.04,0.02,0.01,0.001,0.002,0.001,0.004,840,300,2000,263.3166666666667,1201,1180,140.01,70.16,791.19,775,70.0,655,375,530,31.5,199.0
0.17,0.34,1.44,0.012,0.004,0.015,0.01,0.02,0.002,0.004,0.002,0.005,842,300,2000,252.9166666666667,1192,1172,100.0,50.08,784.12,776,50.0,649,371,550,25.0,155.0
0.17,0.34,1.44,0.012,0.004,0.015,0.01,0.02,0.002,0.004,0.002,0.005,847,300,1800,243.3333333333333,1219,1198,150.01,80.33,798.26,777,80.0,594,403,569,26.5,196.0
0.17,0.34,1.44,0.012,0.004,0.015,0.01,0.02,0.002,0.004,0.002,0.005,845,300,1800,246.4,1197,1182,120.0,60.02,793.44,783,60.0,610,387,553,28.0,183.66666666666666
0.17,0.34,1.44,0.012,0.004,0.015,0.01,0.02,0.002,0.004,0.002,0.005,854,300,1800,248.2333333333333,1220,1200,120.0,60.2,787.17,781,60.0,605,389,545,25.0,180.33333333333334
0.17,0.34,1.44,0.012,0.004,0.015,0.01,0.02,0.002,0.004,0.002,0.005,856,250,2000,248.0833333333333,1221,1189,120.0,60.49,824.02,798,60.0,653,363,534,26.0,159.66666666666666
0.15,0.38,1.47,0.015,0.004,0.036,0.01,0.01,0.002,0.001,0.001,0.003,832,250,1800,234.6666666666667,1216,1198,80.01,40.25,810.09,776,40.0,623,406,566,29.0,134.66666666666666
0.15,0.38,1.47,0.015,0.004,0.036,0.01,0.01,0.002,0.001,0.001,0.003,836,250,1800,236.2666666666667,1216,1196,80.01,40.28,788.62,784,40.0,640,389,552,31.5,135.33333333333334
0.15,0.38,1.47,0.015,0.004,0.036,0.01,0.01,0.002,0.001,0.001,0.003,875,300,2000,323.3833333333333,1200,1180,110.0,50.4,788.88,781,50.0,630,373,552,27.0,143.33333333333334
0.15,0.38,1.47,0.015,0.004,0.036,0.01,0.01,0.002,0.001,0.001,0.003,819,300,2000,267.6833333333333,1183,1163,80.06,32.31,776.75,755,32.0,637,381,535,33.0,220.0
0.17,0.34,1.44,0.012,0.004,0.015,0.01,0.02,0.002,0.004,0.002,0.005,864,250,2000,268.7333333333333,1212,1188,140.0,70.04,815.47,799,70.0,608,408,555,23.0,163.33333333333334
0.17,0.34,1.44,0.012,0.004,0.015,0.01,0.02,0.002,0.004,0.002,0.005,865,250,2000,255.3333333333333,1208,1183,150.0,79.05,790.09,800,79.0,603,373,537,27.5,190.33333333333334
0.15,0.24,1.46,0.012,0.002,0.035,0.02,0.01,0.002,0.001,0.004,0.002,859,250,2000,262.9,1204,1173,120.1,60.2,811.36,787,60.0,683,377,531,32.0,182.0
0.17,0.34,1.44,0.012,0.004,0.015,0.01,0.02,0.002,0.004,0.002,0.005,870,250,2000,268.4,1208,1190,138.02,69.23,790.68,811,69.0,613,376,556,26.0,116.33333333333333
0.17,0.34,1.44,0.012,0.004,0.015,0.01,0.02,0.002,0.004,0.002,0.005,854,250,2000,266.6333333333333,1209,1190,118.0,59.32,818.37,797,59.0,589,395,556,23.5,136.33333333333334
0.15,0.24,1.46,0.012,0.002,0.035,0.02,0.01,0.002,0.001,0.004,0.002,826,300,2000,276.75,1213,1193,80.0,40.09,809.88,776,40.0,608,389,549,27.5,207.0
0.17,0.34,1.44,0.012,0.004,0.015,0.01,0.02,0.002,0.004,0.002,0.005,846,300,2000,268.6666666666667,1182,1167,62.5,25.08,805.49,770,25.0,647,382,543,24.0,144.0
0.17,0.34,1.44,0.012,0.004,0.015,0.01,0.02,0.002,0.004,0.002,0.005,832,300,2000,273.85,1186,1165,70.01,28.21,802.68,772,28.0,661,367,523,27.0,130.0
0.17,0.34,1.44,0.012,0.004,0.015,0.01,0.02,0.002,0.004,0.002,0.005,817,250,1800,244.5833333333333,1205,1172,45.0,0.0,807.09,745,18.0,649,388,546,26.5,142.0
0.14,0.21,1.5,0.013,0.019,0.018,0.02,0.01,0.005,0.001,0.001,0.001,797,250,1800,245.4,1218,1220,40.0,0.0,792.21,740,16.0,616,393,547,24.0,150.33333333333334
0.15,0.38,1.47,0.015,0.004,0.036,0.01,0.01,0.002,0.001,0.001,0.003,831,300,2000,278.5166666666667,1193,1203,100.01,50.43,782.36,763,50.0,670,401,533,31.5,164.0
0.15,0.24,1.46,0.012,0.002,0.035,0.02,0.01,0.002,0.001,0.004,0.002,836,250,2000,303.4,1206,1218,74.01,37.22,813.4,779,37.0,619,369,539,29.5,133.0
0.14,0.21,1.5,0.013,0.019,0.018,0.02,0.01,0.005,0.001,0.001,0.001,832,250,2000,234.5,1186,1167,70.0,28.39,799.93,770,28.0,643,427,542,25.0,247.0
0.15,0.38,1.47,0.015,0.004,0.036,0.01,0.01,0.002,0.001,0.001,0.003,870,300,2400,255.3166666666667,1205,1184,140.0,70.31,803.6,796,70.0,591,371,536,21.0,149.66666666666666
0.14,0.21,1.5,0.013,0.019,0.018,0.02,0.01,0.005,0.001,0.001,0.001,827,300,1800,260.6333333333333,1187,1169,50.0,20.2,813.54,758,20.0,639,382,529,28.5,214.33333333333334
0.17,0.34,1.44,0.012,0.004,0.015,0.01,0.02,0.002,0.004,0.002,0.005,827,300,2000,288.0833333333333,1200,1180,75.09,30.15,814.13,763,30.0,642,379,553,28.5,185.66666666666666
0.17,0.34,1.44,0.012,0.004,0.015,0.01,0.02,0.002,0.004,0.002,0.005,828,300,2000,295.0166666666667,1218,1198,62.5,25.05,808.56,770,25.0,658,374,541,22.5,167.33333333333334
0.15,0.24,1.46,0.012,0.002,0.035,0.02,0.01,0.002,0.001,0.004,0.002,832,250,2000,328.1833333333333,1208,1183,74.0,37.44,765.33,754,37.0,616,397,546,32.5,124.0
0.17,0.34,1.44,0.012,0.004,0.015,0.01,0.02,0.002,0.004,0.002,0.005,816,300,2400,272.95,1207,1183,40.38,16.08,812.69,743,16.0,654,384,555,25.0,123.66666666666667
0.15,0.38,1.47,0.015,0.004,0.036,0.01,0.01,0.002,0.001,0.001,0.003,824,300,1800,292.7166666666666,1192,1175,80.0,36.47,794.94,763,36.0,647,422,560,29.0,223.66666666666666
0.15,0.38,1.47,0.015,0.004,0.036,0.01,0.01,0.002,0.001,0.001,0.003,845,300,2000,316.5166666666667,1203,1185,120.01,60.01,797.23,789,60.0,626,400,549,26.5,176.66666666666666
0.17,0.34,1.44,0.012,0.004,0.015,0.01,0.02,0.002,0.004,0.002,0.005,823,300,2000,310.6166666666667,1200,1182,75.02,30.23,800.57,766,30.0,662,371,533,32.5,147.33333333333334
0.14,0.21,1.5,0.013,0.019,0.018,0.02,0.01,0.005,0.001,0.001,0.001,778,300,1800,240.7333333333333,1191,1171,62.5,25.32,784.36,747,25.0,602,411,553,21.5,238.0
0.14,0.21,1.5,0.013,0.019,0.018,0.02,0.01,0.005,0.001,0.001,0.001,837,300,2000,249.25,1181,1166,62.5,25.01,820.54,773,25.0,620,373,530,26.5,205.0
0.14,0.21,1.5,0.013,0.019,0.018,0.02,0.01,0.005,0.001,0.001,0.001,827,300,2000,232.9333333333333,1203,1176,62.5,25.0,796.84,759,25.0,625,369,518,25.5,221.0
0.15,0.38,1.47,0.015,0.004,0.036,0.01,0.01,0.002,0.001,0.001,0.003,795,300,2000,258.2333333333333,1194,1174,75.01,30.24,781.52,749,30.0,643,379,523,29.5,221.0
0.15,0.38,1.47,0.015,0.004,0.036,0.01,0.01,0.002,0.001,0.001,0.003,846,300,2000,258.5333333333334,1174,1158,75.03,30.06,822.82,790,30.0,626,363,529,25.5,201.66666666666666
0.15,0.38,1.47,0.015,0.004,0.036,0.01,0.01,0.002,0.001,0.001,0.003,847,300,2000,249.7833333333333,1172,1154,75.06,30.0,819.51,785,30.0,624,369,531,29.0,198.33333333333334
0.17,0.34,1.44,0.012,0.004,0.015,0.01,0.02,0.002,0.004,0.002,0.005,816,220,1800,261.5833333333333,1200,1180,40.01,16.04,807.84,745,16.0,655,392,544,29.5,218.66666666666666
0.15,0.38,1.47,0.015,0.004,0.036,0.01,0.01,0.002,0.001,0.001,0.003,827,300,2000,253.5333333333333,1191,1172,80.0,32.09,814.11,779,32.0,639,362,537,33.0,241.0
0.15,0.38,1.47,0.015,0.004,0.036,0.01,0.01,0.002,0.001,0.001,0.003,832,300,2000,259.2333333333333,1199,1182,132.0,50.9,803.51,787,50.0,666,370,536,34.0,196.66666666666666
0.15,0.38,1.47,0.015,0.004,0.036,0.01,0.01,0.002,0.001,0.001,0.003,850,300,2000,259.3,1226,1203,140.04,70.15,791.79,791,70.0,642,390,537,29.5,230.33333333333334
0.15,0.38,1.47,0.015,0.004,0.036,0.01,0.01,0.002,0.001,0.001,0.003,866,300,2000,265.1333333333333,1208,1193,132.01,66.63,823.31,802,66.0,638,368,534,31.0,181.0
0.14,0.21,1.5,0.013,0.019,0.018,0.02,0.01,0.005,0.001,0.001,0.001,816,300,2000,283.35,1221,1201,62.5,25.1,809.38,764,25.0,629,381,527,23.5,223.0
0.17,0.34,1.44,0.012,0.004,0.015,0.01,0.02,0.002,0.004,0.002,0.005,820,300,1800,274.4166666666667,1202,1182,110.43,55.01,784.93,764,55.0,651,401,558,25.5,223.33333333333334
0.15,0.24,1.46,0.012,0.002,0.035,0.02,0.01,0.002,0.001,0.004,0.002,853,300,2000,274.3333333333333,1182,1166,150.0,80.16,805.94,790,80.0,638,372,541,35.0,235.66666666666666
0.14,0.21,1.5,0.013,0.019,0.018,0.02,0.01,0.005,0.001,0.001,0.001,796,250,1800,300.2166666666666,1200,1174,50.0,20.05,800.73,745,20.0,615,384,536,27.0,224.0
0.14,0.21,1.5,0.013,0.019,0.018,0.02,0.01,0.005,0.001,0.001,0.001,804,250,1800,290.2333333333333,1201,1183,40.01,16.04,806.48,742,16.0,628,399,533,31.5,246.66666666666666
0.15,0.38,1.47,0.015,0.004,0.036,0.01,0.01,0.002,0.001,0.001,0.003,851,300,2000,261.8,1226,1205,140.03,71.68,795.44,793,70.0,624,370,529,30.0,218.33333333333334
0.14,0.21,1.5,0.013,0.019,0.018,0.02,0.01,0.005,0.001,0.001,0.001,817,250,1800,305.4,1193,1170,40.0,16.11,819.14,746,16.0,635,382,538,33.0,216.66666666666666
0.14,0.21,1.5,0.013,0.019,0.018,0.02,0.01,0.005,0.001,0.001,0.001,818,250,1800,295.7666666666667,1190,1166,40.01,16.1,828.17,751,16.0,637,389,543,31.5,199.33333333333334
0.14,0.21,1.5,0.013,0.019,0.018,0.02,0.01,0.005,0.001,0.001,0.001,810,250,1800,315.5833333333333,1196,1176,40.0,16.04,834.34,749,16.0,635,369,539,32.0,156.66666666666666
0.15,0.38,1.47,0.015,0.004,0.036,0.01,0.01,0.002,0.001,0.001,0.003,835,300,1800,263.3,1181,1165,135.0,80.46,784.38,766,80.0,617,385,555,30.0,180.0
0.14,0.21,1.5,0.013,0.019,0.018,0.02,0.01,0.005,0.001,0.001,0.001,800,250,2000,242.95,1188,1164,50.01,20.05,812.3,746,20.0,626,390,532,27.0,190.33333333333334
0.15,0.38,1.47,0.015,0.004,0.036,0.01,0.01,0.002,0.001,0.001,0.003,852,300,1800,260.6833333333333,1222,1193,150.02,75.76,792.58,772,75.0,636,419,564,26.0,137.33333333333334
0.17,0.34,1.44,0.012,0.004,0.015,0.01,0.02,0.002,0.004,0.002,0.005,805,300,2000,286.7,1193,1173,62.5,62.69,802.11,749,25.0,635,381,530,25.0,133.0
0.14,0.21,1.5,0.013,0.019,0.018,0.02,0.01,0.005,0.001,0.001,0.001,805,250,2000,252.15,1201,1179,50.0,20.3,797.84,746,20.0,620,406,544,27.5,197.66666666666666
0.15,0.38,1.47,0.015,0.004,0.036,0.01,0.01,0.002,0.001,0.001,0.003,817,250,1800,281.0166666666667,1193,1166,75.0,30.19,808.37,763,30.0,647,426,558,30.0,192.66666666666666
0.15,0.24,1.46,0.012,0.002,0.035,0.02,0.01,0.002,0.001,0.004,0.002,840,250,1800,272.3166666666667,1198,1174,110.0,0.0,810.18,791,55.0,600,401,553,30.0,189.33333333333334
0.16,0.27,1.47,0.014,0.002,0.04,0.02,0.01,0.001,0.002,0.001,0.004,854,250,2000,229.7166666666667,1204,1184,100.01,0.0,819.33,794,50.0,653,368,532,25.0,244.66666666666666
0.17,0.34,1.44,0.012,0.004,0.015,0.01,0.02,0.002,0.004,0.002,0.005,808,300,2400,294.9833333333333,1206,1189,40.03,0.0,812.41,742,16.0,647,391,544,27.5,158.0
0.17,0.34,1.44,0.012,0.004,0.015,0.01,0.02,0.002,0.004,0.002,0.005,806,300,2000,297.2666666666667,1204,1187,40.09,0.0,809.38,744,16.0,652,392,548,31.5,214.0
0.14,0.21,1.5,0.013,0.019,0.018,0.02,0.01,0.005,0.001,0.001,0.001,809,220,1600,301.5666666666667,1180,1159,72.0,36.12,788.71,763,36.0,635,364,520,28.0,225.66666666666666
0.15,0.38,1.47,0.015,0.004,0.036,0.01,0.01,0.002,0.001,0.001,0.003,825,250,1800,303.7333333333333,1179,1159,75.0,30.17,797.05,767,30.0,642,418,547,26.0,170.66666666666666
0.14,0.21,1.5,0.013,0.019,0.018,0.02,0.01,0.005,0.001,0.001,0.001,807,220,1600,274.1833333333333,1198,1168,40.0,16.01,820.04,743,16.0,640,381,531,31.0,220.0
0.14,0.21,1.5,0.013,0.019,0.018,0.02,0.01,0.005,0.001,0.001,0.001,866,150,1800,395.8333333333333,1199,1170,42.0,0.0,881.24,778,14.0,638,381,544,35.0,161.33333333333334
0.14,0.21,1.5,0.013,0.019,0.018,0.02,0.01,0.005,0.001,0.001,0.001,843,150,1800,397.7666666666667,1197,1163,42.0,0.0,852.09,765,14.0,645,376,530,35.0,209.33333333333334
0.14,0.21,1.5,0.013,0.019,0.018,0.02,0.01,0.005,0.001,0.001,0.001,818,250,1800,254.7,1177,1151,42.0,14.03,833.25,763,14.0,629,393,553,28.5,205.33333333333334
0.15,0.38,1.47,0.015,0.004,0.036,0.01,0.01,0.002,0.001,0.001,0.003,859,300,2000,281.1,1193,1172,150.02,80.68,804.45,800,80.0,667,397,555,27.5,161.0
0.14,0.21,1.5,0.013,0.019,0.018,0.02,0.01,0.005,0.001,0.001,0.001,822,150,1800,217.5,1224,1183,36.0,12.01,829.31,741,12.0,644,369,526,35.0,223.66666666666666
0.14,0.21,1.5,0.013,0.019,0.018,0.02,0.01,0.005,0.001,0.001,0.001,815,150,1800,207.55,1226,1155,62.63,26.52,803.74,755,25.0,642,398,526,31.5,206.66666666666666
0.16,0.27,1.47,0.014,0.002,0.04,0.02,0.01,0.001,0.002,0.001,0.004,876,300,2000,260.4833333333333,1181,1166,140.0,70.11,804.77,795,70.0,591,401,558,27.5,224.66666666666666
0.16,0.27,1.47,0.014,0.002,0.04,0.02,0.01,0.001,0.002,0.001,0.004,848,300,2000,267.5333333333334,1197,1177,100.0,50.78,797.68,769,50.0,634,386,546,28.5,242.0
0.17,0.34,1.44,0.012,0.004,0.015,0.01,0.02,0.002,0.004,0.002,0.005,797,250,2000,325.7333333333333,1195,1158,50.01,20.76,790.28,743,20.0,640,413,554,29.0,148.66666666666666
0.17,0.34,1.44,0.012,0.004,0.015,0.01,0.02,0.002,0.004,0.002,0.005,815,250,2000,299.7166666666666,1205,1185,80.0,32.36,799.28,769,32.0,638,390,542,28.5,204.33333333333334
0.17,0.34,1.44,0.012,0.004,0.015,0.01,0.02,0.002,0.004,0.002,0.005,830,250,2000,297.3,1193,1169,50.01,21.3,837.91,769,20.0,642,383,554,27.5,153.0
0.14,0.21,1.5,0.013,0.019,0.018,0.02,0.01,0.005,0.001,0.001,0.001,829,150,1400,371.5833333333333,1180,1149,30.0,0.0,826.38,738,10.0,620,415,555,29.0,171.0
0.17,0.34,1.44,0.012,0.004,0.015,0.01,0.02,0.002,0.004,0.002,0.005,827,150,1400,348.9666666666666,1193,1153,40.0,0.0,817.84,747,16.0,643,390,538,32.0,201.66666666666666
0.17,0.34,1.44,0.012,0.004,0.015,0.01,0.02,0.002,0.004,0.002,0.005,833,250,2000,248.9166666666667,1208,1182,65.01,26.13,814.65,783,26.0,650,394,549,23.5,149.0
0.17,0.34,1.44,0.012,0.004,0.015,0.01,0.02,0.002,0.004,0.002,0.005,778,220,1600,270.55,1195,1168,50.0,0.0,791.41,744,20.0,649,381,534,28.0,112.33333333333333
0.17,0.34,1.44,0.012,0.004,0.015,0.01,0.02,0.002,0.004,0.002,0.005,842,300,2000,283.6166666666667,1185,1169,150.0,75.34,801.61,776,75.0,571,391,552,26.0,163.33333333333334
0.17,0.34,1.44,0.012,0.004,0.015,0.01,0.02,0.002,0.004,0.002,0.005,797,220,1800,385.6,1186,1164,79.99,40.29,793.13,756,40.0,659,419,549,26.0,170.66666666666666
0.17,0.34,1.44,0.012,0.004,0.015,0.01,0.02,0.002,0.004,0.002,0.005,839,250,1800,368.3166666666667,1185,1165,80.0,40.23,817.66,781,40.0,669,399,539,27.5,229.66666666666666
0.17,0.34,1.44,0.012,0.004,0.015,0.01,0.02,0.002,0.004,0.002,0.005,848,300,2400,289.65,1213,1184,120.02,60.2,803.96,794,60.0,616,389,553,28.5,198.0
0.15,0.24,1.46,0.012,0.002,0.035,0.02,0.01,0.002,0.001,0.004,0.002,875,250,1800,281.6333333333333,1231,1205,135.04,85.12,820.02,807,85.0,585,370,539,29.5,231.0
0.17,0.34,1.44,0.012,0.004,0.015,0.01,0.02,0.002,0.004,0.002,0.005,830,250,1800,270.8833333333333,1209,1179,120.0,60.8,785.44,777,60.0,649,420,546,30.5,194.66666666666666
0.16,0.27,1.47,0.014,0.002,0.04,0.02,0.01,0.001,0.002,0.001,0.004,842,300,2400,321.0,1203,1182,96.0,48.48,798.83,784,48.0,634,409,558,29.0,230.0
0.15,0.38,1.47,0.015,0.004,0.036,0.01,0.01,0.002,0.001,0.001,0.003,865,250,2000,325.8,1207,1187,150.0,80.22,796.95,803,80.0,633,385,553,26.5,211.33333333333334
0.16,0.27,1.47,0.014,0.002,0.04,0.02,0.01,0.001,0.002,0.001,0.004,836,250,1800,328.4333333333333,1203,1177,96.0,48.32,788.97,755,48.0,582,394,544,31.0,194.0
0.17,0.34,1.44,0.012,0.004,0.015,0.01,0.02,0.002,0.004,0.002,0.005,843,250,2000,329.9833333333333,1203,1172,130.0,65.12,804.12,789,65.0,585,389,543,29.0,195.66666666666666
0.17,0.34,1.44,0.012,0.004,0.015,0.01,0.02,0.002,0.004,0.002,0.005,853,250,2000,319.2,1190,1169,129.99,65.2,809.12,804,65.0,641,383,541,24.0,182.33333333333334
0.17,0.34,1.44,0.012,0.004,0.015,0.01,0.02,0.002,0.004,0.002,0.005,838,250,2000,320.5,1190,1165,120.0,61.04,808.67,789,60.0,625,399,563,28.5,198.33333333333334
0.17,0.34,1.44,0.012,0.004,0.015,0.01,0.02,0.002,0.004,0.002,0.005,843,250,2000,324.5166666666667,1196,1167,110.0,55.72,813.14,787,55.0,595,408,562,28.0,174.33333333333334
0.15,0.24,1.46,0.012,0.002,0.035,0.02,0.01,0.002,0.001,0.004,0.002,837,250,2000,285.1666666666667,1187,1170,120.0,60.22,802.45,781,60.0,648,423,549,26.0,210.0
0.14,0.21,1.5,0.013,0.019,0.018,0.02,0.01,0.005,0.001,0.001,0.001,796,220,1800,297.7333333333333,1204,1182,42.0,14.57,814.48,741,14.0,650,399,546,31.0,127.33333333333333
0.14,0.21,1.5,0.013,0.019,0.018,0.02,0.01,0.005,0.001,0.001,0.001,816,220,1800,299.6833333333333,1205,1184,42.0,14.41,828.91,746,14.0,645,374,534,28.5,138.33333333333334
0.15,0.24,1.46,0.012,0.002,0.035,0.02,0.01,0.002,0.001,0.004,0.002,811,250,1800,842.5333333333333,1178,1161,87.49,35.33,792.86,773,35.0,645,415,566,26.5,175.0
0.15,0.24,1.46,0.012,0.002,0.035,0.02,0.01,0.002,0.001,0.004,0.002,835,250,1800,320.75,1218,1197,87.51,35.03,823.46,788,35.0,619,388,553,30.0,181.66666666666666
0.15,0.24,1.46,0.012,0.002,0.035,0.02,0.01,0.002,0.001,0.004,0.002,840,250,1800,310.9,1204,1187,87.5,35.12,817.97,793,35.0,633,421,567,27.0,158.0
0.15,0.24,1.46,0.012,0.002,0.035,0.02,0.01,0.002,0.001,0.004,0.002,839,250,1800,309.9166666666667,1217,1196,87.5,35.05,799.33,784,35.0,638,382,547,32.0,132.33333333333334
0.17,0.34,1.44,0.012,0.004,0.015,0.01,0.02,0.002,0.004,0.002,0.005,793,300,2000,291.9166666666667,1221,1197,65.0,26.13,795.68,748,26.0,641,406,559,21.0,162.66666666666666
0.17,0.34,1.44,0.012,0.004,0.015,0.01,0.02,0.002,0.004,0.002,0.005,862,250,1800,303.3666666666667,1203,1187,150.03,76.8,823.09,801,76.0,580,388,547,27.0,154.33333333333334
0.15,0.24,1.46,0.012,0.002,0.035,0.02,0.01,0.002,0.001,0.004,0.002,822,250,1800,312.4166666666667,1226,1205,80.0,40.07,794.1,777,40.0,655,384,550,30.0,122.66666666666667
0.14,0.21,1.5,0.013,0.019,0.018,0.02,0.01,0.005,0.001,0.001,0.001,834,220,1800,282.3833333333333,1182,1163,30.0,10.43,836.79,742,10.0,658,387,541,31.0,106.33333333333333
0.17,0.34,1.44,0.012,0.004,0.015,0.01,0.02,0.002,0.004,0.002,0.005,871,250,2000,289.15,1205,1181,150.01,80.03,804.74,806,80.0,576,380,555,24.5,149.33333333333334
0.17,0.34,1.44,0.012,0.004,0.015,0.01,0.02,0.002,0.004,0.002,0.005,854,250,2000,286.6666666666667,1195,1180,145.03,85.53,816.02,786,85.0,584,386,561,28.0,115.33333333333333
0.17,0.34,1.44,0.012,0.004,0.015,0.01,0.02,0.002,0.004,0.002,0.005,853,250,2000,275.25,1207,1182,140.0,85.29,820.25,800,85.0,581,399,563,25.0,180.66666666666666
0.16,0.22,1.39,0.018,0.01,0.04,0.02,0.01,0.004,0.001,0.001,0.002,812,300,2000,276.5333333333334,1179,1164,65.0,26.23,792.59,750,26.0,615,374,513,31.0,248.66666666666666
0.15,0.24,1.46,0.012,0.002,0.035,0.02,0.01,0.002,0.001,0.004,0.002,854,250,1800,297.5166666666667,1179,1162,87.51,35.4,822.91,793,35.0,650,370,544,27.5,125.33333333333333
0.17,0.34,1.44,0.012,0.004,0.015,0.01,0.02,0.002,0.004,0.002,0.005,824,250,2000,346.3666666666667,1209,1180,40.01,16.04,832.05,766,16.0,622,387,550,27.5,111.66666666666667
0.17,0.34,1.44,0.012,0.004,0.015,0.01,0.02,0.002,0.004,0.002,0.005,815,250,2000,283.4833333333333,1223,1198,92.0,46.49,792.35,760,46.0,643,396,565,27.0,180.66666666666666
0.17,0.34,1.44,0.012,0.004,0.015,0.01,0.02,0.002,0.004,0.002,0.005,779,300,2000,928.4833333333332,1200,1178,60.01,25.12,795.58,746,24.0,638,426,563,21.5,145.66666666666666
0.15,0.24,1.46,0.012,0.002,0.035,0.02,0.01,0.002,0.001,0.004,0.002,807,300,2400,307.2333333333333,1179,1164,80.0,32.38,786.28,758,32.0,626,418,568,30.0,173.0
0.15,0.36,1.4,0.015,0.003,0.027,0.02,0.01,0.002,0.002,0.001,0.003,818,250,1800,302.6,1212,1190,80.0,32.37,799.41,763,32.0,637,367,526,31.5,163.66666666666666
0.15,0.36,1.4,0.015,0.003,0.027,0.02,0.01,0.002,0.002,0.001,0.003,852,300,1800,290.7833333333334,1188,1172,80.0,32.23,828.45,784,32.0,589,361,527,31.0,172.66666666666666
0.16,0.22,1.39,0.018,0.01,0.04,0.02,0.01,0.004,0.001,0.001,0.002,809,150,1800,285.1333333333333,1208,1179,50.0,20.72,794.83,746,20.0,641,385,524,30.0,126.66666666666667
0.16,0.28,1.46,0.01,0.003,0.034,0.02,0.01,0.002,0.004,0.002,0.003,848,250,2000,293.4666666666666,1195,1176,50.05,20.02,836.24,771,20.0,622,373,536,30.5,143.0
0.14,0.21,1.5,0.013,0.019,0.018,0.02,0.01,0.005,0.001,0.001,0.001,810,150,1800,262.9166666666667,1221,1184,50.01,20.11,788.84,746,20.0,631,393,522,30.5,168.0
0.14,0.21,1.5,0.013,0.019,0.018,0.02,0.01,0.005,0.001,0.001,0.001,810,220,1800,269.65,1181,1160,50.01,20.26,799.43,753,20.0,636,400,542,28.0,123.66666666666667
0.14,0.21,1.5,0.013,0.019,0.018,0.02,0.01,0.005,0.001,0.001,0.001,830,220,1600,270.8166666666667,1179,1162,42.0,14.01,835.86,758,14.0,641,369,526,28.0,132.66666666666666
0.14,0.21,1.5,0.013,0.019,0.018,0.02,0.01,0.005,0.001,0.001,0.001,805,250,2000,278.9166666666667,1173,1157,50.01,20.24,800.74,752,20.0,622,387,541,26.5,149.66666666666666
0.14,0.21,1.5,0.013,0.019,0.018,0.02,0.01,0.005,0.001,0.001,0.001,813,250,1800,280.0166666666667,1175,1158,50.0,20.08,815.67,753,20.0,608,380,536,23.0,153.66666666666666
0.14,0.21,1.5,0.013,0.019,0.018,0.02,0.01,0.005,0.001,0.001,0.001,844,250,1800,281.1,1209,1160,50.0,21.51,840.71,775,20.0,627,380,531,27.5,148.33333333333334
0.14,0.21,1.5,0.013,0.019,0.018,0.02,0.01,0.005,0.001,0.001,0.001,823,250,1800,283.25,1210,1188,40.01,17.63,817.85,742,16.0,627,368,535,29.5,127.66666666666667
0.14,0.21,1.5,0.013,0.019,0.018,0.02,0.01,0.005,0.001,0.001,0.001,821,250,2000,267.1166666666667,1210,1188,36.04,12.29,836.4,744,12.0,637,382,548,29.0,136.66666666666666
0.14,0.21,1.5,0.013,0.019,0.018,0.02,0.01,0.005,0.001,0.001,0.001,827,250,1800,265.55,1193,1170,36.0,12.09,834.79,743,12.0,641,379,531,30.0,125.33333333333333
0.14,0.21,1.5,0.013,0.019,0.018,0.02,0.01,0.005,0.001,0.001,0.001,794,250,1800,804.75,1189,1174,50.0,20.18,793.69,744,20.0,614,375,542,21.5,178.33333333333334
0.14,0.21,1.5,0.013,0.019,0.018,0.02,0.01,0.005,0.001,0.001,0.001,789,250,2000,809.7166666666667,1188,1171,50.0,20.05,791.28,743,20.0,622,398,543,25.5,157.66666666666666
0.14,0.21,1.5,0.013,0.019,0.018,0.02,0.01,0.005,0.001,0.001,0.001,840,150,1800,269.1,1212,1183,50.0,20.45,814.26,762,20.0,626,385,534,28.0,108.33333333333333
0.14,0.21,1.5,0.013,0.019,0.018,0.02,0.01,0.005,0.001,0.001,0.001,817,220,1600,295.25,1203,1184,50.0,20.06,857.26,758,20.0,622,372,523,29.0,157.66666666666666
0.16,0.27,1.47,0.014,0.002,0.04,0.02,0.01,0.001,0.002,0.001,0.004,829,250,2000,287.3833333333333,1219,1196,120.0,61.4,799.96,781,60.0,597,373,536,30.5,215.33333333333334
0.17,0.34,1.44,0.012,0.004,0.015,0.01,0.02,0.002,0.004,0.002,0.005,829,250,1800,285.5666666666667,1197,1181,90.01,42.01,808.19,778,42.0,587,400,566,28.5,155.33333333333334
0.17,0.34,1.44,0.012,0.004,0.015,0.01,0.02,0.002,0.004,0.002,0.005,849,250,2000,282.4,1188,1172,90.01,42.03,817.17,767,42.0,595,387,558,26.5,162.66666666666666
0.15,0.24,1.46,0.012,0.002,0.035,0.02,0.01,0.002,0.001,0.004,0.002,851,300,2000,304.35,1209,1190,130.01,65.01,800.41,784,65.0,630,428,566,29.0,149.0
0.16,0.27,1.47,0.014,0.002,0.04,0.02,0.01,0.001,0.002,0.001,0.004,842,300,2000,308.6833333333333,1205,1189,120.0,60.0,798.74,787,60.0,592,390,536,31.0,184.0
0.17,0.34,1.44,0.012,0.004,0.015,0.01,0.02,0.002,0.004,0.002,0.005,803,250,2000,243.0833333333333,1188,1173,40.0,17.02,805.13,745,16.0,655,397,551,27.5,180.66666666666666
0.14,0.21,1.5,0.013,0.019,0.018,0.02,0.01,0.005,0.001,0.001,0.001,845,150,1800,275.7666666666667,1255,1185,36.0,13.01,858.82,754,12.0,655,375,517,29.0,110.0
0.15,0.24,1.46,0.012,0.002,0.035,0.02,0.01,0.002,0.001,0.004,0.002,829,250,1800,226.1333333333333,1189,1173,80.0,32.38,781.05,757,32.0,653,400,549,31.0,131.0
0.16,0.27,1.47,0.014,0.002,0.04,0.02,0.01,0.001,0.002,0.001,0.004,820,250,2000,227.5333333333333,1190,1167,80.0,32.35,781.57,760,32.0,660,412,547,30.5,208.66666666666666
0.15,0.36,1.4,0.015,0.003,0.027,0.02,0.01,0.002,0.002,0.001,0.003,812,250,1800,259.85,1221,1184,80.0,32.27,777.62,754,32.0,643,381,529,30.5,154.66666666666666
0.15,0.38,1.47,0.015,0.004,0.036,0.01,0.01,0.002,0.001,0.001,0.003,822,220,1800,256.15,1209,1185,80.0,40.51,799.57,776,40.0,675,419,555,27.0,194.33333333333334
0.14,0.21,1.5,0.013,0.019,0.018,0.02,0.01,0.005,0.001,0.001,0.001,827,250,2000,264.6333333333333,1192,1163,50.0,20.61,833.7,768,20.0,629,383,528,27.0,203.33333333333334
0.14,0.21,1.5,0.013,0.019,0.018,0.02,0.01,0.005,0.001,0.001,0.001,825,250,2000,266.7333333333333,1193,1171,40.08,16.96,819.73,749,16.0,650,366,515,27.5,132.66666666666666
0.14,0.21,1.5,0.013,0.019,0.018,0.02,0.01,0.005,0.001,0.001,0.001,828,220,1600,286.3333333333333,1204,1180,40.0,16.12,838.62,751,16.0,629,391,541,34.5,130.0
0.17,0.34,1.44,0.012,0.004,0.015,0.01,0.02,0.002,0.004,0.002,0.005,851,250,1800,377.2833333333334,1207,1188,130.0,0.0,810.97,798,65.0,584,383,547,26.5,136.0
0.15,0.24,1.46,0.012,0.002,0.035,0.02,0.01,0.002,0.001,0.004,0.002,845,300,1800,379.35,1199,1183,100.0,0.0,793.38,783,50.0,663,369,541,28.0,156.66666666666666
0.14,0.21,1.5,0.013,0.019,0.018,0.02,0.01,0.005,0.001,0.001,0.001,796,150,1800,304.8333333333333,1192,1166,62.53,25.05,784.29,755,25.0,630,394,516,24.5,160.66666666666666
0.14,0.21,1.5,0.013,0.019,0.018,0.02,0.01,0.005,0.001,0.001,0.001,845,150,1800,282.55,1227,1191,36.0,12.12,848.84,755,12.0,647,363,510,31.0,143.66666666666666
0.14,0.21,1.5,0.013,0.019,0.018,0.02,0.01,0.005,0.001,0.001,0.001,811,150,1800,283.25,1202,1174,36.0,12.04,833.43,745,12.0,639,387,525,28.5,136.33333333333334
0.15,0.38,1.47,0.015,0.004,0.036,0.01,0.01,0.002,0.001,0.001,0.003,865,250,2000,362.2666666666667,1201,1184,160.03,82.01,831.34,801,81.0,627,381,555,26.0,147.66666666666666
0.16,0.22,1.39,0.018,0.01,0.04,0.02,0.01,0.004,0.001,0.001,0.002,793,220,1600,368.05,1197,1178,70.03,28.01,785.61,752,28.0,611,417,537,31.5,197.33333333333334
0.14,0.21,1.5,0.013,0.019,0.018,0.02,0.01,0.005,0.001,0.001,0.001,837,150,1400,268.5333333333334,1211,1175,36.01,12.16,847.05,748,12.0,652,387,532,31.0,125.33333333333333
0.14,0.21,1.5,0.013,0.019,0.018,0.02,0.01,0.005,0.001,0.001,0.001,777,220,1800,299.5333333333334,1189,1170,60.01,24.23,790.78,746,24.0,588,430,553,24.0,139.33333333333334
0.14,0.21,1.5,0.013,0.019,0.018,0.02,0.01,0.005,0.001,0.001,0.001,790,220,1800,226.8166666666667,1222,1196,42.0,14.42,800.71,742,14.0,651,402,542,28.0,136.0
0.14,0.21,1.5,0.013,0.019,0.018,0.02,0.01,0.005,0.001,0.001,0.001,812,220,1800,229.5,1221,1195,42.0,14.03,824.02,742,14.0,654,393,542,28.5,148.66666666666666
0.14,0.21,1.5,0.013,0.019,0.018,0.02,0.01,0.005,0.001,0.001,0.001,799,220,1800,230.3166666666667,1194,1175,42.0,14.23,807.68,739,14.0,645,391,538,26.5,177.66666666666666
0.14,0.21,1.5,0.013,0.019,0.018,0.02,0.01,0.005,0.001,0.001,0.001,811,220,1800,242.6166666666667,1222,1198,42.0,14.01,825.58,747,14.0,651,387,527,27.0,195.66666666666666
0.14,0.21,1.5,0.013,0.019,0.018,0.02,0.01,0.005,0.001,0.001,0.001,796,220,1800,243.1,1195,1177,42.0,14.14,807.3,739,14.0,642,393,548,31.0,187.66666666666666
0.14,0.21,1.5,0.013,0.019,0.018,0.02,0.01,0.005,0.001,0.001,0.001,802,220,1800,245.6166666666667,1194,1175,42.0,14.14,813.82,740,14.0,646,396,547,27.5,152.0
0.14,0.21,1.5,0.013,0.019,0.018,0.02,0.01,0.005,0.001,0.001,0.001,817,220,1800,246.5,1222,1197,42.0,14.32,815.38,743,14.0,659,388,536,31.0,163.33333333333334
0.14,0.21,1.5,0.013,0.019,0.018,0.02,0.01,0.005,0.001,0.001,0.001,798,220,1800,244.7333333333333,1196,1174,45.0,18.14,798.35,744,18.0,642,385,536,28.5,144.33333333333334
0.14,0.21,1.5,0.013,0.019,0.018,0.02,0.01,0.005,0.001,0.001,0.001,803,220,1800,268.95,1192,1175,45.0,18.02,803.58,745,18.0,645,375,523,27.0,220.33333333333334
0.14,0.21,1.5,0.013,0.019,0.018,0.02,0.01,0.005,0.001,0.001,0.001,803,220,1800,271.1166666666667,1191,1174,45.0,18.15,801.99,742,18.0,636,374,523,31.0,193.33333333333334
0.14,0.21,1.5,0.013,0.019,0.018,0.02,0.01,0.005,0.001,0.001,0.001,836,220,1800,283.6166666666667,1192,1175,36.01,12.07,842.49,749,12.0,656,392,537,27.5,132.0
0.14,0.21,1.5,0.013,0.019,0.018,0.02,0.01,0.005,0.001,0.001,0.001,863,150,1800,287.0,1215,1183,30.02,10.07,866.06,750,10.0,643,372,530,35.0,105.33333333333333
0.14,0.21,1.5,0.013,0.019,0.018,0.02,0.01,0.005,0.001,0.001,0.001,831,220,1800,289.3333333333333,1216,1193,36.0,12.05,837.0,744,12.0,650,382,533,33.0,124.33333333333333
0.14,0.21,1.5,0.013,0.019,0.018,0.02,0.01,0.005,0.001,0.001,0.001,840,150,1800,281.1,1195,1172,30.0,10.01,840.85,740,10.0,646,376,519,32.5,108.33333333333333
0.14,0.21,1.5,0.013,0.019,0.018,0.02,0.01,0.005,0.001,0.001,0.001,833,150,1400,276.4666666666666,1192,1170,36.01,12.0,839.47,734,12.0,665,384,526,30.5,131.0
0.14,0.21,1.5,0.013,0.019,0.018,0.02,0.01,0.005,0.001,0.001,0.001,853,150,1400,276.7333333333333,1223,1176,30.0,10.1,860.23,751,10.0,649,376,523,33.0,133.0
0.14,0.21,1.5,0.013,0.019,0.018,0.02,0.01,0.005,0.001,0.001,0.001,819,220,1600,288.45,1226,1203,36.01,12.04,823.36,739,12.0,648,374,528,30.0,103.33333333333333
0.14,0.21,1.5,0.013,0.019,0.018,0.02,0.01,0.005,0.001,0.001,0.001,840,150,1800,286.1333333333333,1189,1165,30.0,10.05,871.27,750,10.0,654,386,527,30.0,104.66666666666667
0.14,0.21,1.5,0.013,0.019,0.018,0.02,0.01,0.005,0.001,0.001,0.001,845,150,1800,285.3833333333333,1222,1189,30.0,10.11,859.15,747,10.0,647,389,529,28.0,117.0
0.14,0.21,1.5,0.013,0.019,0.018,0.02,0.01,0.005,0.001,0.001,0.001,853,150,1800,297.8666666666667,1216,1182,36.0,12.19,855.8,746,12.0,643,378,527,31.0,158.66666666666666
0.14,0.21,1.5,0.013,0.019,0.018,0.02,0.01,0.005,0.001,0.001,0.001,835,150,1800,302.05,1214,1182,36.0,12.08,844.84,742,12.0,671,373,510,28.0,196.66666666666666
0.14,0.21,1.5,0.013,0.019,0.018,0.02,0.01,0.005,0.001,0.001,0.001,890,220,1600,303.55,1205,1188,30.0,10.0,896.04,770,10.0,637,385,539,26.0,104.66666666666667
0.16,0.22,1.39,0.018,0.01,0.04,0.02,0.01,0.004,0.001,0.001,0.002,785,250,2000,295.6333333333333,1228,1206,40.0,16.22,795.45,740,16.0,617,395,542,25.0,185.33333333333334
0.15,0.24,1.46,0.012,0.002,0.035,0.02,0.01,0.002,0.001,0.004,0.002,801,250,2000,294.55,1209,1191,40.0,16.28,805.74,727,16.0,616,381,542,27.0,168.0
0.15,0.24,1.46,0.012,0.002,0.035,0.02,0.01,0.002,0.001,0.004,0.002,818,250,2000,298.3833333333333,1232,1210,40.0,16.03,823.67,748,16.0,612,396,552,27.0,167.0
0.15,0.24,1.46,0.012,0.002,0.035,0.02,0.01,0.002,0.001,0.004,0.002,805,250,2000,297.35,1209,1195,40.0,16.15,810.44,742,16.0,616,397,550,25.5,173.0
0.16,0.22,1.39,0.018,0.01,0.04,0.02,0.01,0.004,0.001,0.001,0.002,810,150,1800,305.65,1235,1196,40.0,16.29,799.36,742,16.0,620,428,553,31.5,133.33333333333334
0.14,0.21,1.5,0.013,0.019,0.018,0.02,0.01,0.005,0.001,0.001,0.001,811,220,1600,332.2666666666667,1198,1174,36.0,12.1,828.72,745,12.0,642,398,543,32.0,204.66666666666666
0.15,0.38,1.47,0.015,0.004,0.036,0.01,0.01,0.002,0.001,0.001,0.003,789,220,1800,297.0333333333334,1225,1200,87.5,35.3,777.45,732,35.0,592,403,561,23.0,203.66666666666666
0.15,0.38,1.47,0.015,0.004,0.036,0.01,0.01,0.002,0.001,0.001,0.003,804,250,1800,898.3,1191,1173,110.01,60.01,772.81,756,60.0,623,393,541,29.5,143.0
0.17,0.34,1.44,0.012,0.004,0.015,0.01,0.02,0.002,0.004,0.002,0.005,823,250,2000,903.85,1214,1193,130.0,65.1,793.77,773,65.0,605,405,552,27.5,135.33333333333334
0.15,0.38,1.47,0.015,0.004,0.036,0.01,0.01,0.002,0.001,0.001,0.003,813,220,1800,298.7333333333333,1187,1168,115.01,63.0,783.77,756,63.0,615,399,541,28.0,144.66666666666666
0.16,0.27,1.47,0.014,0.002,0.04,0.02,0.01,0.001,0.002,0.001,0.004,832,220,1800,294.1,1205,1181,75.0,30.07,807.55,767,30.0,578,423,568,27.5,152.66666666666666
0.17,0.34,1.44,0.012,0.004,0.015,0.01,0.02,0.002,0.004,0.002,0.005,870,300,2400,276.5,1193,1172,150.01,75.15,816.43,797,75.0,639,381,533,28.0,195.0
0.17,0.34,1.44,0.012,0.004,0.015,0.01,0.02,0.002,0.004,0.002,0.005,868,300,2400,276.0333333333334,1195,1161,150.13,85.17,812.15,786,85.0,603,361,522,29.0,223.33333333333334
0.17,0.34,1.44,0.012,0.004,0.015,0.01,0.02,0.002,0.004,0.002,0.005,851,220,1800,311.0,1215,1187,100.0,50.25,797.61,794,50.0,668,403,565,25.0,149.66666666666666
0.16,0.27,1.47,0.014,0.002,0.04,0.02,0.01,0.001,0.002,0.001,0.004,841,300,2000,363.25,1219,1201,80.0,40.02,815.05,791,40.0,628,372,547,30.5,248.33333333333334
0.17,0.34,1.44,0.012,0.004,0.015,0.01,0.02,0.002,0.004,0.002,0.005,844,220,1800,263.1166666666667,1203,1182,100.0,50.17,822.56,791,50.0,635,395,552,29.0,197.33333333333334
0.16,0.27,1.47,0.014,0.002,0.04,0.02,0.01,0.001,0.002,0.001,0.004,813,250,2000,276.6166666666667,1184,1167,140.0,70.78,782.06,761,70.0,618,375,528,31.0,241.33333333333334
0.16,0.27,1.47,0.014,0.002,0.04,0.02,0.01,0.001,0.002,0.001,0.004,813,250,2000,281.85,1213,1192,130.0,65.1,786.41,765,65.0,589,370,541,30.5,240.0
0.16,0.27,1.47,0.014,0.002,0.04,0.02,0.01,0.001,0.002,0.001,0.004,789,220,1800,277.4,1188,1170,100.0,45.21,777.2,758,45.0,630,378,551,32.5,182.33333333333334
0.17,0.34,1.44,0.012,0.004,0.015,0.01,0.02,0.002,0.004,0.002,0.005,873,250,2000,207.5833333333333,1234,1212,150.0,80.29,790.16,794,80.0,592,394,546,27.0,178.0
0.15,0.38,1.47,0.015,0.004,0.036,0.01,0.01,0.002,0.001,0.001,0.003,860,250,1800,261.2166666666666,1226,1204,42.0,14.16,864.44,767,14.0,642,399,557,30.5,149.33333333333334
0.14,0.21,1.5,0.013,0.019,0.018,0.02,0.01,0.005,0.001,0.001,0.001,861,220,1800,258.1,1203,1183,42.0,14.34,849.9,761,14.0,642,368,520,30.5,138.0
0.14,0.21,1.5,0.013,0.019,0.018,0.02,0.01,0.005,0.001,0.001,0.001,814,250,2000,290.9,1207,1185,40.0,0.0,805.47,742,16.0,623,397,541,28.5,168.66666666666666
0.14,0.21,1.5,0.013,0.019,0.018,0.02,0.01,0.005,0.001,0.001,0.001,812,250,2000,279.4666666666666,1204,1182,60.0,0.0,804.13,755,24.0,616,393,533,23.0,158.33333333333334
0.16,0.27,1.47,0.014,0.002,0.04,0.02,0.01,0.001,0.002,0.001,0.004,859,300,2000,329.3166666666667,1208,1190,150.0,80.39,791.95,786,80.0,665,389,551,27.0,237.66666666666666
0.15,0.38,1.47,0.015,0.004,0.036,0.01,0.01,0.002,0.001,0.001,0.003,869,220,1800,317.3,1215,1195,130.04,80.07,822.36,810,80.0,617,375,551,30.0,182.66666666666666
0.14,0.21,1.5,0.013,0.019,0.018,0.02,0.01,0.005,0.001,0.001,0.001,856,220,1800,313.25,1223,1199,50.01,20.35,824.75,753,20.0,623,393,539,27.0,115.33333333333333
0.14,0.21,1.5,0.013,0.019,0.018,0.02,0.01,0.005,0.001,0.001,0.001,831,250,2000,394.7,1201,1182,50.0,20.0,809.38,763,20.0,646,380,525,32.0,147.33333333333334
0.14,0.21,1.5,0.013,0.019,0.018,0.02,0.01,0.005,0.001,0.001,0.001,781,250,1800,355.5666666666667,1213,1196,50.01,20.03,766.78,744,20.0,614,399,534,29.0,149.33333333333334
0.14,0.21,1.5,0.013,0.019,0.018,0.02,0.01,0.005,0.001,0.001,0.001,819,250,1800,355.2333333333333,1228,1207,50.01,20.09,804.33,745,20.0,623,387,532,30.0,127.33333333333333
0.17,0.34,1.44,0.012,0.004,0.015,0.01,0.02,0.002,0.004,0.002,0.005,825,250,2000,357.9166666666667,1197,1180,80.0,40.04,782.56,775,40.0,649,385,544,31.0,159.33333333333334
0.14,0.21,1.5,0.013,0.019,0.018,0.02,0.01,0.005,0.001,0.001,0.001,806,150,1800,364.8,1202,1173,36.0,12.02,811.86,737,12.0,613,373,529,21.5,119.66666666666667
0.16,0.22,1.39,0.018,0.01,0.04,0.02,0.01,0.004,0.001,0.001,0.002,816,300,2000,367.1166666666667,1205,1182,40.0,16.0,806.31,743,16.0,629,388,531,30.5,128.0
0.17,0.34,1.44,0.012,0.004,0.015,0.01,0.02,0.002,0.004,0.002,0.005,880,250,1800,276.0333333333334,1198,1178,150.0,80.03,819.86,776,80.0,650,395,564,21.0,113.33333333333333
0.16,0.27,1.47,0.014,0.002,0.04,0.02,0.01,0.001,0.002,0.001,0.004,818,250,1800,268.1,1201,1183,80.0,40.02,768.66,756,40.0,648,408,551,30.5,240.33333333333334
0.17,0.34,1.44,0.012,0.004,0.015,0.01,0.02,0.002,0.004,0.002,0.005,872,220,1800,270.8333333333333,1184,1167,140.01,70.34,827.41,802,70.0,626,381,524,29.0,136.33333333333334
0.15,0.38,1.47,0.015,0.004,0.036,0.01,0.01,0.002,0.001,0.001,0.003,868,220,1800,272.4166666666667,1201,1178,130.01,70.37,803.78,785,70.0,684,378,537,21.0,173.33333333333334
0.16,0.27,1.47,0.014,0.002,0.04,0.02,0.01,0.001,0.002,0.001,0.004,840,250,1800,750.5833333333334,1221,1199,100.0,50.14,817.02,799,50.0,635,409,554,28.5,233.66666666666666
0.16,0.27,1.47,0.014,0.002,0.04,0.02,0.01,0.001,0.002,0.001,0.004,853,250,1800,740.1666666666666,1206,1173,100.0,50.35,800.3,799,50.0,665,419,560,30.5,247.66666666666666
0.16,0.27,1.47,0.014,0.002,0.04,0.02,0.01,0.001,0.002,0.001,0.004,852,250,1800,740.65,1208,1173,100.01,50.31,799.86,800,50.0,662,416,565,29.0,234.0
0.16,0.27,1.47,0.014,0.002,0.04,0.02,0.01,0.001,0.002,0.001,0.004,835,250,1800,711.05,1176,1160,100.01,0.0,800.73,787,50.0,643,394,543,28.0,241.33333333333334
0.17,0.34,1.44,0.012,0.004,0.015,0.01,0.02,0.002,0.004,0.002,0.005,807,250,1800,258.5833333333333,1199,1177,62.5,25.17,790.96,753,25.0,626,394,561,22.5,138.33333333333334
0.16,0.28,1.46,0.01,0.003,0.034,0.02,0.01,0.002,0.004,0.002,0.003,822,250,1800,247.0833333333333,1226,1204,62.5,26.26,819.38,771,25.0,632,403,538,25.0,193.33333333333334
0.17,0.34,1.44,0.012,0.004,0.015,0.01,0.02,0.002,0.004,0.002,0.005,850,250,2000,301.55,1199,1159,120.0,60.39,796.97,795,60.0,629,405,563,27.0,115.33333333333333
0.15,0.38,1.47,0.015,0.004,0.036,0.01,0.01,0.002,0.001,0.001,0.003,863,300,2400,382.4333333333333,1227,1203,150.0,85.12,799.77,792,85.0,621,390,545,29.0,196.66666666666666
0.16,0.27,1.47,0.014,0.002,0.04,0.02,0.01,0.001,0.002,0.001,0.004,847,250,1800,216.6833333333333,1200,1183,99.99,40.06,794.15,793,40.0,663,406,554,33.5,244.66666666666666
0.16,0.27,1.47,0.014,0.002,0.04,0.02,0.01,0.001,0.002,0.001,0.004,843,250,1800,217.3333333333333,1198,1183,100.0,40.12,799.07,781,40.0,661,399,552,30.0,228.0
0.16,0.27,1.47,0.014,0.002,0.04,0.02,0.01,0.001,0.002,0.001,0.004,834,250,1800,207.4166666666667,1202,1184,100.01,50.05,779.7,764,50.0,616,382,533,30.5,232.33333333333334
0.17,0.34,1.44,0.012,0.004,0.015,0.01,0.02,0.002,0.004,0.002,0.005,835,150,1400,374.7,1181,1153,80.0,55.17,785.73,762,55.0,580,403,554,23.0,103.33333333333333
0.17,0.34,1.44,0.012,0.004,0.015,0.01,0.02,0.002,0.004,0.002,0.005,857,250,2000,385.2666666666667,1195,1165,75.0,30.01,819.91,764,30.0,641,396,541,28.0,125.0
0.16,0.22,1.39,0.018,0.01,0.04,0.02,0.01,0.004,0.001,0.001,0.002,823,150,1400,409.0333333333334,1233,1196,62.5,25.0,809.44,768,25.0,580,424,560,21.5,128.0
0.17,0.34,1.44,0.012,0.004,0.015,0.01,0.02,0.002,0.004,0.002,0.005,816,250,2000,411.4833333333333,1193,1176,45.02,15.04,836.29,748,15.0,650,375,534,31.5,124.33333333333333
0.14,0.21,1.5,0.013,0.019,0.018,0.02,0.01,0.005,0.001,0.001,0.001,796,220,1800,324.3166666666667,1225,1192,50.0,20.0,785.9,746,20.0,621,404,551,25.5,128.33333333333334
0.14,0.21,1.5,0.013,0.019,0.018,0.02,0.01,0.005,0.001,0.001,0.001,795,250,2000,323.7666666666667,1227,1204,40.0,16.15,793.4,747,16.0,652,420,555,25.5,152.33333333333334
0.16,0.27,1.47,0.014,0.002,0.04,0.02,0.01,0.001,0.002,0.001,0.004,815,220,1800,268.6333333333333,1224,1188,80.0,40.19,759.86,768,40.0,641,397,553,29.0,210.66666666666666
0.16,0.27,1.47,0.014,0.002,0.04,0.02,0.01,0.001,0.002,0.001,0.004,828,220,1800,271.3833333333333,1196,1178,80.0,40.19,799.85,788,40.0,643,402,535,26.0,164.0
